id,lat,lon,height,name,state
00003,50.7827,6.0941,202.0,Aachen Nordrhein-Westfalen,Frei
00044,52.9336,8.237,44.0,Großenkneten Niedersachsen,Frei
00052,53.6623,10.199,46.0,Ahrensburg-Wulfsdorf Schleswig-Holstein,Frei
00071,48.2156,8.9784,759.0,Albstadt-Badkap Baden-Württemberg,Frei
00072,48.2766,9.0001,794.0,Albstadt-Onstmettingen Baden-Württemberg,Frei
00078,52.4853,7.9125,64.0,Alfhausen Niedersachsen,Frei
00091,50.7446,9.345,304.0,Alsfeld-Eifa Hessen,Frei
00096,52.9437,12.8518,50.0,Neuruppin-Alt Ruppin Brandenburg,Frei
00125,47.8342,10.8667,739.0,Altenstadt Bayern,Frei
00129,53.6893,13.242,30.0,Altentreptow Mecklenburg-Vorpommern,Frei
00131,51.0881,12.9326,296.0,Geringswalde-Altgeringswalde Sachsen,Frei
00150,49.7273,8.1164,215.0,Alzey Rheinland-Pfalz,Frei
00154,48.0197,12.2925,516.0,Amerang-Pfaffing Bayern,Frei
00161,50.4237,7.4202,75.0,Andernach Rheinland-Pfalz,Frei
00164,53.0316,13.9908,54.0,Angermünde Brandenburg,Frei
00167,53.8409,13.6854,11.0,Anklam Mecklenburg-Vorpommern,Frei
00183,54.6791,13.4344,42.0,Arkona Mecklenburg-Vorpommern,Frei
00198,51.3744,11.292,164.0,Artern Thüringen,Frei
00221,48.5515,11.7117,483.0,Au i.d.Hallertau-Günzenhausen Bayern,Frei
00222,50.5908,12.7139,393.0,Aue Sachsen,Frei
00232,48.4253,10.9417,462.0,Augsburg Bayern,Frei
00282,49.8743,10.9206,240.0,Bamberg Bayern,Frei
00283,49.8808,10.8695,382.0,Bamberg-Altenburg Bayern,Frei
00288,53.8409,13.7549,3.0,Bargischow-Gnevezin Mecklenburg-Vorpommern,Frei
00298,54.3405,12.7108,3.0,Barth Mecklenburg-Vorpommern,Frei
00303,52.0613,13.4997,55.0,Baruth Brandenburg,Frei
00314,51.1604,14.5042,234.0,"Kubschütz, Kr. Bautzen Sachsen",Frei
00320,49.9666,11.5198,350.0,Heinersreuth-Vollhof Bayern,Frei
00326,51.7204,8.0577,120.0,Beckum-Unterberg Nordrhein-Westfalen,Frei
00342,52.317,8.1694,103.0,Belm Niedersachsen,Frei
00348,50.4135,7.5886,127.0,Bendorf Rheinland-Pfalz,Frei
00361,47.6344,13.0109,550.0,Berchtesgaden (KKst) Bayern,Frei
00368,52.8152,9.9248,69.0,Bergen Niedersachsen,Frei
00377,49.107,7.9967,210.0,"Bergzabern, Bad Rheinland-Pfalz",Frei
00399,52.5198,13.4057,36.0,Berlin-Alexanderplatz Berlin,Frei
00400,52.631,13.5021,60.0,Berlin-Buch Berlin,Frei
00403,52.4537,13.3017,51.0,Berlin-Dahlem (FU) Berlin,Frei
00410,52.404,13.7309,33.0,Berlin-Kaniswall Berlin,Frei
00420,52.5447,13.5598,61.0,Berlin-Marzahn Berlin,Frei
00424,52.5,13.4667,36.0,Berlin-Ostkreuz Berlin,Frei
00427,52.3807,13.5306,46.0,Berlin Brandenburg Brandenburg,Frei
00430,52.5644,13.3088,36.0,Berlin-Tegel Berlin,Frei
00432,52.6044,13.2952,36.0,Berlin-Tegeler Fliesstal Berlin,Frei
00433,52.4676,13.402,48.0,Berlin-Tempelhof Berlin,Frei
00445,51.8218,11.711,85.0,Bernburg/Saale (Nord) Sachsen-Anhalt,Frei
00450,49.9186,7.0664,120.0,Bernkastel-Kues Rheinland-Pfalz,Frei
00460,49.2641,6.6868,362.0,Berus Saarland,Frei
00502,49.8643,9.5044,371.0,Bischbrunn-Oberndorf Bayern,Frei
00535,50.0372,7.3079,417.0,Blankenrath Rheinland-Pfalz,Frei
00554,51.8293,6.5365,23.0,Bocholt-Liedern (Wasserwerk) Nordrhein-Westfalen,Frei
00555,51.5026,7.2289,110.0,Bochum Nordrhein-Westfalen,Frei
00591,53.3911,10.6878,45.0,Boizenburg Mecklenburg-Vorpommern,Frei
00596,54.0027,11.1908,15.0,Boltenhagen Mecklenburg-Vorpommern,Frei
00599,50.7055,7.1467,62.0,Bonn-Friesdorf Nordrhein-Westfalen,Frei
00603,50.7293,7.204,147.0,Königswinter-Heiderhof Nordrhein-Westfalen,Frei
00617,51.873,6.8863,47.0,Borken in Westfalen Nordrhein-Westfalen,Frei
00634,49.4442,9.6458,373.0,Boxberg-Seehof,Baden-Württemberg
00642,53.3518,8.4969,4.0,Brake Niedersachsen,Frei
00643,53.296,8.4529,0.0,Brake-Süderfeld Niedersachsen,Frei
00650,52.4136,12.5503,35.0,Brandenburg-Görden Brandenburg,Frei
00656,51.7234,10.6021,607.0,Braunlage Niedersachsen,Frei
00662,52.2915,10.4464,81.0,Braunschweig Niedersachsen,Frei
00685,49.9017,9.4281,585.0,Breitsol Bayern,Frei
00691,53.0451,8.7981,4.0,Bremen Bremen,Frei
00701,53.5332,8.5761,7.0,Bremerhaven Bremen,Frei
00703,53.4779,9.1553,5.0,Bremervörde (A) Niedersachsen,Frei
00704,53.4451,9.139,11.0,Bremervörde Niedersachsen,Frei
00705,53.5312,9.1664,5.0,Bremervörde-Niederochtenhausen Niedersachsen,Frei
00755,49.5182,9.3213,340.0,"Buchen, Kr. Neckar-Odenwald Baden-Württemberg",Frei
00760,53.3629,9.9435,83.0,Rosengarten-Klecken Niedersachsen,Frei
00766,50.1745,7.0595,477.0,Büchel-Alflen Rheinland-Pfalz,Frei
00769,52.2817,9.089,68.0,Bückeburg Niedersachsen,Frei
00840,50.4313,12.6114,895.0,Carlsfeld Sachsen,Frei
00850,52.5959,10.0296,39.0,Celle Niedersachsen,Frei
00853,50.7913,12.872,416.0,Chemnitz Sachsen,Frei
00856,47.8843,12.5404,551.0,Chieming Bayern,Frei
00867,50.3066,10.9679,344.0,Lautertal-Oberlauter Bayern,Frei
00880,51.7759,14.3168,69.0,Cottbus Brandenburg,Frei
00881,49.0985,10.0979,423.0,Crailsheim-Alexandersreut Baden-Württemberg,Frei
00891,53.8712,8.7058,5.0,Cuxhaven Niedersachsen,Frei
00920,49.8564,8.5929,108.0,Darmstadt (US-Air-Base) Hessen,Frei
00953,49.7619,7.0542,481.0,Deuselbach Rheinland-Pfalz,Frei
00963,52.5881,8.3424,38.0,Diepholz Niedersachsen,Frei
00979,50.7364,8.2672,314.0,Dillenburg Hessen,Frei
01001,51.6451,13.5747,97.0,Doberlug-Kirchhain Brandenburg,Frei
01018,47.9422,8.5046,677.0,Donaueschingen Baden-Württemberg,Frei
01048,51.1278,13.7543,228.0,Dresden-Klotzsche Sachsen,Frei
01050,51.0221,13.847,112.0,Dresden-Hosterwitz Sachsen,Frei
01052,52.2174,12.1641,80.0,Möckern-Drewitz Sachsen-Anhalt,Frei
01072,49.4719,8.1929,107.0,"Dürkheim, Bad Rheinland-Pfalz",Frei
01078,51.296,6.7686,37.0,Düsseldorf Nordrhein-Westfalen,Frei
01107,49.852,10.4991,346.0,Ebrach Bayern,Frei
01130,54.6282,9.3649,18.0,Eggebek Schleswig-Holstein,Frei
01161,48.8778,11.2349,385.0,Eichstätt-Landershofen Bayern,Frei
01172,51.8189,9.8871,123.0,Einbeck Niedersachsen,Frei
01182,51.5029,11.5705,146.0,Eisleben-Helfta Sachsen-Anhalt,Frei
01197,48.9895,10.1312,463.0,Ellwangen-Rindelbach Baden-Württemberg,Frei
01200,54.0691,9.0105,3.0,Elpersbüttel Schleswig-Holstein,Frei
01219,53.3449,7.1909,5.0,Emden-Nesserland Niedersachsen,Frei
01238,50.9884,7.425,144.0,Engelskirchen Nordrhein-Westfalen,Frei
01246,51.8418,8.0607,104.0,Ennigerloh-Ostenfelde Nordrhein-Westfalen,Frei
01262,48.3477,11.8134,446.0,München-Flughafen Bayern,Frei
01266,54.2992,9.3162,18.0,Erfde Schleswig-Holstein,Frei
01270,50.9827,10.9613,317.0,Erfurt-Weimar Thüringen,Frei
01292,49.7522,11.8222,470.0,Eschenbach/Oberpfalz Bayern,Frei
01297,51.2041,10.0138,156.0,Eschwege Hessen,Frei
01299,53.6476,7.6085,3.0,Esens Niedersachsen,Frei
01303,51.4041,6.9677,150.0,Essen-Bredeney Nordrhein-Westfalen,Frei
01329,54.134,10.5865,50.0,Eutin Schleswig-Holstein,Frei
01339,52.9157,10.1885,74.0,Faßberg Niedersachsen,Frei
01346,47.8748,8.0038,1486.0,Feldberg/Schwarzwald Baden-Württemberg,Frei
01358,50.4283,12.9536,1213.0,Fichtelberg Sachsen,Frei
01378,54.8086,9.4182,45.0,Flensburg Schleswig-Holstein,Frei
01379,54.7737,9.3753,41.0,Flensburg (Schäferhaus) Schleswig-Holstein,Frei
01420,50.0259,8.5213,100.0,Frankfurt/Main Hessen,Frei
01421,50.1474,8.6746,125.0,Frankfurt/Main (Stadt) Hessen,Frei
01425,50.1214,8.6604,103.0,Frankfurt/Main (Feldbergstr.) Hessen,Frei
01426,52.3397,14.508,67.0,Frankfurt/Oder Brandenburg,Frei
01443,48.0232,7.8343,237.0,Freiburg Baden-Württemberg,Frei
01451,53.8277,9.2493,2.0,Freiburg/Elbe Niedersachsen,Frei
01468,48.4538,8.409,797.0,Freudenstadt Baden-Württemberg,Frei
01473,49.1869,11.308,414.0,Freystadt-Michelbach Bayern,Frei
01490,47.6454,9.4795,394.0,Friedrichshafen Baden-Württemberg,Frei
01493,50.4788,11.0159,793.0,Friedrichshöhe,Thüringen
01503,53.0643,7.902,6.0,Friesoythe-Altenoythe Niedersachsen,Frei
01504,51.119,9.2799,172.0,Fritzlar/Eder Hessen,Frei
01526,50.5668,9.6532,245.0,Fulda-Horas Hessen,Frei
01544,52.5129,11.3942,47.0,Gardelegen Sachsen-Anhalt,Frei
01550,47.483,11.0621,719.0,Garmisch-Partenkirchen Bayern,Frei
01552,53.2066,14.3817,13.0,Gartz/Oder Brandenburg,Frei
01572,50.9593,6.0392,80.0,Geilenkirchen-Neutevern Nordrhein-Westfalen,Frei
01580,49.9859,7.9548,111.0,Geisenheim Hessen,Frei
01587,48.9481,11.4289,536.0,Gelbelsee Bayern,Frei
01590,51.4942,6.2463,37.0,Geldern-Walbeck Nordrhein-Westfalen,Frei
01605,52.3875,12.1602,35.0,Genthin Sachsen-Anhalt,Frei
01612,50.8812,12.1289,311.0,Gera-Leumnitz Thüringen,Frei
01639,50.6017,8.6439,203.0,Gießen/Wettenberg Hessen,Frei
01666,54.8273,9.5058,12.0,Glücksburg-Meierwik Schleswig-Holstein,Frei
01667,53.797,9.4295,1.0,Glückstadt Schleswig-Holstein,Frei
01684,51.1621,14.9506,239.0,Görlitz Sachsen,Frei
01691,51.5002,9.9507,167.0,Göttingen Niedersachsen,Frei
01694,53.6058,12.1034,59.0,Goldberg Mecklenburg-Vorpommern,Frei
01736,53.5731,10.6797,26.0,Grambek Schleswig-Holstein,Frei
01757,54.0967,13.4056,2.0,Greifswald Mecklenburg-Vorpommern,Frei
01758,54.1,13.45,2.0,Greifswald-Wieck Mecklenburg-Vorpommern,Frei
01759,54.2437,13.9104,11.0,Greifswalder Oie Mecklenburg-Vorpommern,Frei
01766,52.1344,7.6969,48.0,Münster/Osnabrück Nordrhein-Westfalen,Frei
01803,54.0714,12.3238,35.0,Sanitz-Groß Lüsewitz Mecklenburg-Vorpommern,Frei
01863,50.2667,9.1854,258.0,Gründau-Breitenborn Hessen,Frei
01869,53.3154,13.9339,56.0,Grünow Brandenburg,Frei
01957,51.5138,11.9499,93.0,Halle-Kröllwitz Sachsen-Anhalt,Frei
01975,53.6332,9.9881,11.0,Hamburg-Fuhlsbüttel Hamburg,Frei
01981,53.4776,9.8957,4.0,Hamburg-Neuwiedenthal Hamburg,Frei
01987,53.5467,9.9662,47.0,Hamburg-Sankt Pauli Hamburg,Frei
01990,53.5853,10.1293,18.0,Hamburg-Wandsbek Hamburg,Frei
02014,52.4644,9.6779,55.0,Hannover Niedersachsen,Frei
02023,48.7918,10.7062,501.0,Harburg Bayern,Frei
02044,51.652,11.1366,404.0,Harzgerode Sachsen-Anhalt,Frei
02088,48.6849,10.142,522.0,Heidenheim/Brenz Baden-Württemberg,Frei
02095,49.1448,9.2333,167.0,Heilbronn Baden-Württemberg,Frei
02122,53.9701,9.0095,2.0,"Helse, Kr. Dithmarschen Schleswig-Holstein",Frei
02147,52.1264,8.6865,77.0,Herford Nordrhein-Westfalen,Frei
02166,51.0167,14.75,344.0,Herrnhut Sachsen,Frei
02167,49.7672,7.3356,302.0,Niederwörresbach Rheinland-Pfalz,Frei
02171,50.852,9.7377,272.0,"Hersfeld, Bad Hessen",Frei
02173,51.589,7.1548,60.0,Herten Nordrhein-Westfalen,Frei
02174,51.6255,10.3695,236.0,Herzberg Niedersachsen,Frei
02201,54.575,13.1044,1.0,Hiddensee-Vitte Mecklenburg-Vorpommern,Frei
02252,50.8992,14.7456,271.0,Bertsdorf-Hörnitz Sachsen,Frei
02261,50.3123,11.876,565.0,Hof Bayern,Frei
02290,47.8009,11.0108,977.0,Hohenpeißenberg Bayern,Frei
02302,50.9632,11.4847,317.0,Hohlstedt-Kötschau Thüringen,Frei
02303,54.3162,9.5385,10.0,Hohn Schleswig-Holstein,Frei
02306,54.3194,10.6732,8.0,Hohwacht Schleswig-Holstein,Frei
02315,51.7657,13.1666,78.0,Holzdorf-Bernsdorf Brandenburg,Frei
02331,49.3278,7.3533,235.0,Homburg/Saar Saarland,Frei
02360,48.6018,11.6769,438.0,Hüll Bayern,Frei
02385,49.6927,7.3263,376.0,Idar-Oberstein Rheinland-Pfalz,Frei
02410,48.7111,11.5363,364.0,Ingolstadt-Manching Bayern,Frei
02423,47.6894,10.0416,712.0,Isny Baden-Württemberg,Frei
02429,53.9897,9.5697,20.0,Itzehoe Schleswig-Holstein,Frei
02436,52.0547,13.2344,55.0,Jänickendorf,Brandenburg
02437,54.457,9.5203,21.0,Schleswig-Jagel Schleswig-Holstein,Frei
02444,50.9251,11.583,155.0,Jena (Sternwarte) Thüringen,Frei
02456,53.5322,7.8806,7.0,Jever Niedersachsen,Frei
02475,51.9999,13.101,75.0,Jüterbog Brandenburg,Frei
02483,51.1803,8.4891,839.0,Kahler Asten Nordrhein-Westfalen,Frei
02485,48.917,9.6871,489.0,Kaisersbach-Cronhütte Baden-Württemberg,Frei
02488,48.7701,10.7876,516.0,Kaisheim-Neuhof Bayern,Frei
02494,51.7329,6.2688,31.0,Kalkar Nordrhein-Westfalen,Frei
02497,50.5014,6.5264,505.0,Kall-Sistig Nordrhein-Westfalen,Frei
02503,50.6266,10.1455,487.0,Kaltennordheim Thüringen,Frei
02521,48.6725,11.3092,376.0,Karlshuld Bayern,Frei
02522,49.0373,8.3637,112.0,Karlsruhe Baden-Württemberg,Frei
02532,51.2963,9.4424,231.0,Kassel Hessen,Frei
02533,51.334,9.4506,198.0,Kassel-Harleshausen Hessen,Frei
02542,47.8652,10.6007,716.0,Kaufbeuren Bayern,Frei
02559,47.7233,10.3348,705.0,Kempten Bayern,Frei
02564,54.3776,10.1424,28.0,Kiel-Holtenau Schleswig-Holstein,Frei
02565,54.3378,10.0929,17.0,Kiel-Kronshagen Schleswig-Holstein,Frei
02597,50.224,10.0792,282.0,"Kissingen, Bad Bayern",Frei
02601,50.2218,8.4469,822.0,Kleiner Feldberg/Taunus Hessen,Frei
02627,51.5554,13.8845,128.0,Schipkau-Klettwitz Brandenburg,Frei
02638,48.1054,8.7548,974.0,Klippeneck Baden-Württemberg,Frei
02641,51.5185,12.9065,90.0,Klitzschen bei Torgau Sachsen,Frei
02667,50.8645,7.1575,91.0,Köln/Bonn Nordrhein-Westfalen,Frei
02691,48.6707,11.2173,378.0,Königsmoos-Untermaxfeld Bayern,Frei
02700,48.8302,11.4872,416.0,Kösching Bayern,Frei
02701,51.1329,11.7252,136.0,"Kösen, Bad Sachsen-Anhalt",Frei
02704,51.7511,12.0094,76.0,Köthen (Anhalt) Sachsen-Anhalt,Frei
02712,47.6952,9.1307,428.0,Konstanz Baden-Württemberg,Frei
02750,50.2524,11.3209,310.0,Kronach Bayern,Frei
02773,49.4283,11.9016,416.0,Kümmersbruck Bayern,Frei
02783,48.5126,12.1513,436.0,Kumhausen Bayern,Frei
02794,52.9362,12.4093,40.0,Kyritz Brandenburg,Frei
02796,53.9156,12.279,40.0,Laage-Kronskamp Mecklenburg-Vorpommern,Frei
02812,48.3647,7.828,156.0,Lahr Baden-Württemberg,Frei
02814,48.5122,9.7644,687.0,Merklingen Baden-Württemberg,Frei
02829,48.0772,10.9144,617.0,Landsberg (Flugplatz) Bayern,Frei
02831,48.5357,12.1132,393.0,Landshut Bayern,Frei
02856,51.9173,13.0878,92.0,Langenlipsdorf Brandenburg,Frei
02878,51.3909,11.8786,117.0,"Lauchstädt, Bad Sachsen-Anhalt",Frei
02886,48.2175,9.9097,539.0,Laupheim Baden-Württemberg,Frei
02905,48.1849,10.8507,550.0,Lechfeld Bayern,Frei
02907,54.7903,8.9514,7.0,Leck Schleswig-Holstein,Frei
02925,51.3932,10.3123,356.0,Leinefelde Thüringen,Frei
02928,51.3151,12.4462,138.0,Leipzig-Holzhausen Sachsen,Frei
02931,51.392,12.3962,128.0,Leipzig-Mockau Sachsen,Frei
02932,51.4347,12.2396,131.0,Leipzig/Halle Sachsen,Frei
02947,51.1333,8.0348,286.0,Lennestadt-Theten Nordrhein-Westfalen,Frei
02951,53.1007,11.4864,20.0,Lenzen/Elbe Brandenburg,Frei
02985,50.9383,14.2094,321.0,Lichtenhain-Mittelndorf Sachsen,Frei
03001,48.0674,7.677,284.0,Liliental Baden-Württemberg,Frei
03004,50.4116,8.0605,185.0,Limburg/Lahn-Offheim Hessen,Frei
03015,52.2085,14.118,98.0,Lindenberg Brandenburg,Frei
03023,52.5181,7.3081,22.0,Lingen Niedersachsen,Frei
03028,51.7854,8.8388,157.0,"Lippspringe, Bad Nordrhein-Westfalen",Frei
03031,51.6336,8.3945,92.0,Lippstadt-Bökenförde Nordrhein-Westfalen,Frei
03032,55.011,8.4125,25.0,List auf Sylt Schleswig-Holstein,Frei
03056,50.0103,9.61,161.0,Lohr/Main-Steinbach Bayern,Frei
03082,51.9333,13.8833,56.0,Lübben Brandenburg,Frei
03083,51.9267,13.8797,57.0,Lübben-Blumenfelde Brandenburg,Frei
03086,53.8025,10.6989,15.0,Lübeck-Blankensee Schleswig-Holstein,Frei
03093,52.9724,11.1374,16.0,Lüchow Niedersachsen,Frei
03096,51.2131,7.6359,444.0,Lüdenscheid (Zeppelin-Gymnasium) Nordrhein-Westfalen,Frei
03098,51.2452,7.6425,387.0,Lüdenscheid Nordrhein-Westfalen,Frei
03103,53.2657,10.424,11.0,Lüneburg Niedersachsen,Frei
03126,52.1029,11.5827,79.0,Magdeburg Sachsen-Anhalt,Frei
03139,48.2166,11.2965,509.0,Maisach-Gernlinden Bayern,Frei
03155,50.1015,6.8009,415.0,Manderscheid-Sonnenhof Rheinland-Pfalz,Frei
03158,52.5468,14.5453,12.0,Manschnow Brandenburg,Frei
03164,50.8492,8.7745,187.0,"Cölbe, Kr. Marburg-Biedenkopf Hessen",Frei
03166,50.6511,13.1469,639.0,Marienberg Sachsen,Frei
03167,50.6621,7.9603,547.0,"Marienberg, Bad Rheinland-Pfalz",Frei
03181,49.4875,10.6277,360.0,Markt Erlbach-Hagenhofen Bayern,Frei
03196,53.3221,11.9324,81.0,Marnitz Mecklenburg-Vorpommern,Frei
03204,50.7335,10.8815,429.0,Martinroda Thüringen,Frei
03231,50.5611,10.3771,450.0,Meiningen Thüringen,Frei
03234,51.1294,13.4328,158.0,Klipphausen-Garsebach Sachsen,Frei
03254,52.7155,7.3176,19.0,Meppen Niedersachsen,Frei
03268,48.1694,8.9433,900.0,Meßstetten-Appental Baden-Württemberg,Frei
03271,48.8548,12.9189,314.0,Metten Bayern,Frei
03278,48.5377,9.2734,354.0,Metzingen Baden-Württemberg,Frei
03287,49.7177,9.0997,453.0,Michelstadt-Vielbrunn Hessen,Frei
03300,50.2285,9.1064,155.0,Mittel-Gründau Hessen,Frei
03340,50.4383,7.8061,265.0,Montabaur Rheinland-Pfalz,Frei
03348,51.7209,9.8351,241.0,Moringen-Lutterbeck Niedersachsen,Frei
03362,48.9721,8.8735,243.0,Mühlacker Baden-Württemberg,Frei
03366,48.279,12.5024,406.0,Mühldorf Bayern,Frei
03376,52.5176,14.1232,64.0,Müncheberg Brandenburg,Frei
03379,48.1632,11.5429,515.0,München-Stadt Bayern,Frei
03390,48.1369,11.7094,529.0,München-Riem Bayern,Frei
03402,48.3851,9.4837,755.0,Münsingen-Apfelstetten Baden-Württemberg,Frei
03404,51.9494,7.5906,62.0,Münster Nordrhein-Westfalen,Frei
03426,51.566,14.7008,127.0,"Muskau, Bad Sachsen",Frei
03478,53.5468,13.1914,81.0,Neubrandenburg Mecklenburg-Vorpommern,Frei
03484,48.7085,11.2147,379.0,Neuburg an der Donau Bayern,Frei
03485,48.3114,10.3773,487.0,Neuburg/Kammel-Langenhaslach Bayern,Frei
03490,50.5346,7.0853,111.0,"Neuenahr, Bad-Ahrweiler Rheinland-Pfalz",Frei
03513,50.5003,11.1345,845.0,Neuhaus am Rennweg Thüringen,Frei
03518,47.976,8.9101,793.0,Neuhausen ob Eck Baden-Württemberg,Frei
03519,47.9519,8.9932,663.0,Neuhausen ob Eck-Unterschwandorf Baden-Württemberg,Frei
03538,54.0833,9.9333,20.0,Neumünster-Wasbek Schleswig-Holstein,Frei
03540,50.8446,7.372,195.0,Neunkirchen-Seelscheid-Krawinkel Nordrhein-Westfalen,Frei
03552,52.9037,12.8071,38.0,Neuruppin Brandenburg,Frei
03565,49.5728,10.6001,315.0,Neustadt/Aisch Bayern,Frei
03571,49.8174,11.8638,452.0,Neustadt am Kulm-Filchendorf Bayern,Frei
03575,49.357,8.1405,163.0,Neustadt/Weinstraße Rheinland-Pfalz,Frei
03576,49.3478,8.1822,125.0,Neustadt/Weinstraße (Heidehof) Rheinland-Pfalz,Frei
03577,53.3585,13.0502,64.0,Neustrelitz Mecklenburg-Vorpommern,Frei
03595,50.4107,7.808,250.0,Niederelbert Rheinland-Pfalz,Frei
03603,49.3895,9.9666,459.0,Niederstetten Baden-Württemberg,Frei
03612,52.6711,9.2229,25.0,Nienburg Niedersachsen,Frei
03621,48.8253,10.5067,435.0,Reimlingen Bayern,Frei
03623,50.8294,6.6601,108.0,Nörvenich-Niederbolheim Nordrhein-Westfalen,Frei
03631,53.7123,7.1519,12.0,Norderney Niedersachsen,Frei
03639,53.7647,8.6584,24.0,Nordholz-Wanhöden Niedersachsen,Frei
03640,52.4123,7.064,25.0,Nordhorn-Blanke Niedersachsen,Frei
03659,50.3391,6.9501,627.0,Nürburg Rheinland-Pfalz,Frei
03660,50.3602,6.8697,485.0,Nürburg-Barweiler Rheinland-Pfalz,Frei
03668,49.503,11.0549,314.0,Nürnberg Bayern,Frei
03722,48.2443,11.5528,484.0,Oberschleißheim Bayern,Frei
03730,47.3984,10.2759,806.0,Oberstdorf Bayern,Frei
03734,49.128,9.3525,232.0,Obersulm-Willsbach Baden-Württemberg,Frei
03761,49.207,9.5176,276.0,Öhringen Baden-Württemberg,Frei
03790,53.1018,8.2516,5.0,Oldenburg (A) Niedersachsen,Frei
03791,53.1763,8.1824,11.0,Oldenburg Niedersachsen,Frei
03811,51.296,13.0928,151.0,Oschatz Sachsen,Frei
03815,52.2553,8.0534,95.0,Osnabrück Niedersachsen,Frei
03821,51.0872,11.9293,244.0,Osterfeld Sachsen-Anhalt,Frei
03875,49.151,11.6897,549.0,Parsberg/Oberpfalz-Eglwang Bayern,Frei
03879,48.5781,13.4696,409.0,Passau-Oberhaus Bayern,Frei
03897,54.0893,10.8773,2.0,Pelzerhaken Schleswig-Holstein,Frei
03903,49.5114,6.3857,175.0,Perl-Besch Saarland,Frei
03904,49.5354,6.3789,152.0,Perl-Nennig Saarland,Frei
03927,47.9345,9.2869,630.0,Pfullendorf Baden-Württemberg,Frei
03946,50.4818,12.13,387.0,Plauen Sachsen,Frei
03975,49.4777,11.5357,522.0,Pommelsbrunn-Mittelburg Bayern,Frei
03987,52.3812,13.0622,81.0,Potsdam Brandenburg,Frei
03988,52.3822,13.0622,81.0,Potsdam (Säkularstation) Brandenburg,Frei
04024,54.3643,13.4771,40.0,Putbus Mecklenburg-Vorpommern,Frei
04026,54.5,11.2167,1.0,Puttgarden Schleswig-Holstein,Frei
04032,51.7953,11.132,142.0,Quedlinburg Sachsen-Anhalt,Frei
04036,51.3895,11.5412,206.0,Querfurt-Mühle Lodersleben Sachsen-Anhalt,Frei
04039,53.7331,9.8776,11.0,Quickborn Schleswig-Holstein,Frei
04063,52.4461,8.5906,41.0,Rahden-Kleinendorf Nordrhein-Westfalen,Frei
04094,47.8062,9.6206,441.0,"Weingarten, Kr. Ravensburg Baden-Württemberg",Frei
04104,49.0425,12.1019,365.0,Regensburg Bayern,Frei
04127,50.9906,7.6958,347.0,Reichshof-Eckenhagen Nordrhein-Westfalen,Frei
04156,54.2878,9.6749,8.0,Rendsburg Schleswig-Holstein,Frei
04169,48.6703,7.9939,131.0,Rheinau-Memprechtshofen Baden-Württemberg,Frei
04174,52.2887,7.3866,40.0,Rheine-Bentlage Nordrhein-Westfalen,Frei
04177,48.9726,8.3301,116.0,Rheinstetten Baden-Württemberg,Frei
04189,48.1479,9.4596,534.0,"Altheim, Kreis Biberach Baden-Württemberg",Frei
04190,48.1672,9.4951,526.0,Riedlingen (A) Baden-Württemberg,Frei
04222,50.5263,12.4091,464.0,Rodewisch Sachsen,Frei
04271,54.1803,12.0808,5.0,Rostock-Warnemünde Mecklenburg-Vorpommern,Frei
04275,53.1289,9.3398,32.0,Rotenburg (Wümme) Niedersachsen,Frei
04280,49.2162,11.1035,386.0,Roth Bayern,Frei
04287,49.3849,10.1732,415.0,Rothenburg ob der Tauber Bayern,Frei
04294,48.4704,8.9687,360.0,Rottenburg-Kiebingen Baden-Württemberg,Frei
04301,49.8502,7.871,102.0,"Kreuznach, Bad Rheinland-Pfalz",Frei
04320,54.0934,10.2223,36.0,Ruhwinkel Schleswig-Holstein,Frei
04336,49.2128,7.1077,319.0,Saarbrücken-Ensheim Saarland,Frei
04349,48.9569,9.0711,251.0,Sachsenheim Baden-Württemberg,Frei
04354,48.7832,13.3146,457.0,Saldenburg-Entschenreuth Bayern,Frei
04371,52.1042,8.7521,135.0,"Salzuflen, Bad Nordrhein-Westfalen",Frei
04373,52.8568,11.1319,29.0,Salzwedel Sachsen-Anhalt,Frei
04393,54.3279,8.6031,5.0,Sankt Peter-Ording Schleswig-Holstein,Frei
04397,49.5025,7.202,400.0,Sankt Wendel-Urweiler Saarland,Frei
04419,47.9556,7.7133,212.0,Schallstadt-Mengen Baden-Württemberg,Frei
04438,49.975,11.0395,317.0,Scheßlitz Bayern,Frei
04445,51.7659,10.6533,614.0,Wernigerode-Schierke Sachsen-Anhalt,Frei
04464,50.5679,11.8041,501.0,Schleiz Thüringen,Frei
04466,54.5275,9.5487,43.0,Schleswig Schleswig-Holstein,Frei
04501,50.6545,10.7696,938.0,Schmücke Thüringen,Frei
04559,49.1644,12.6175,398.0,Schorndorf-Knöbling Bayern,Frei
04582,49.0823,9.6892,358.0,Schwäbisch Hall-Bibersfeld Baden-Württemberg,Frei
04592,49.3278,12.0871,356.0,Schwandorf Bayern,Frei
04593,51.9639,11.1208,117.0,Schwanebeck Sachsen-Anhalt,Frei
04606,51.5167,14.35,116.0,Schwarze Pumpe Brandenburg,Frei
04625,53.6424,11.3871,59.0,Schwerin Mecklenburg-Vorpommern,Frei
04629,54.5166,9.142,37.0,Schwesing Schleswig-Holstein,Frei
04642,52.8911,11.7297,22.0,Seehausen Sachsen-Anhalt,Frei
04651,51.904,10.1885,189.0,Seesen Niedersachsen,Frei
04692,50.8534,7.9966,229.0,Siegen (Kläranlage) Nordrhein-Westfalen,Frei
04706,48.2718,13.0273,358.0,Simbach/Inn Bayern,Frei
04719,49.2447,8.8787,169.0,Sinsheim Baden-Württemberg,Frei
04745,52.9604,9.793,75.0,Soltau Niedersachsen,Frei
04752,50.3746,11.1828,626.0,Sonneberg-Neufang Thüringen,Frei
04887,48.6656,9.8648,734.0,Stötten Baden-Württemberg,Frei
04896,54.6654,9.805,40.0,Wagersrott Schleswig-Holstein,Frei
04911,48.8275,12.5597,351.0,Straubing Bayern,Frei
04926,48.7896,9.2167,224.0,Stuttgart (Neckartal) Baden-Württemberg,Frei
04928,48.8281,9.2,314.0,Stuttgart (Schnarrenberg) Baden-Württemberg,Frei
04931,48.6883,9.2235,371.0,Stuttgart-Echterdingen Baden-Württemberg,Frei
04933,48.7091,9.2147,401.0,Stuttgart-Hohenheim Baden-Württemberg,Frei
04977,52.5447,11.9724,45.0,Tangermünde Sachsen-Anhalt,Frei
05009,53.761,12.5574,37.0,Teterow Mecklenburg-Vorpommern,Frei
05029,49.4737,7.0385,387.0,Tholey Saarland,Frei
05032,49.885,9.8469,197.0,Thüngersheim Bayern,Frei
05068,51.5833,13.0,80.0,Torgau Sachsen,Frei
05088,54.5337,13.246,3.0,Trent Mecklenburg-Vorpommern,Frei
05097,54.0654,12.7655,10.0,Tribsees Mecklenburg-Vorpommern,Frei
05099,49.7326,6.6131,132.0,Trier-Zewen Rheinland-Pfalz,Frei
05100,49.7479,6.6583,261.0,Trier-Petrisberg Rheinland-Pfalz,Frei
05109,53.5998,13.3039,68.0,Trollenhagen Mecklenburg-Vorpommern,Frei
05142,53.7445,14.0698,1.0,Ueckermünde Mecklenburg-Vorpommern,Frei
05146,52.9414,10.5289,50.0,Uelzen Niedersachsen,Frei
05155,48.3837,9.9524,567.0,Ulm Baden-Württemberg,Frei
05158,52.1601,11.1759,159.0,Ummendorf Sachsen-Anhalt,Frei
05185,49.5933,11.0704,291.0,Uttenreuth Bayern,Frei
05277,50.8119,9.128,349.0,Wahlen Hessen,Frei
05279,51.6194,9.5749,167.0,Wesertal-Lippoldsberg Hessen,Frei
05280,53.9224,10.2267,33.0,Wittenborn Schleswig-Holstein,Frei
05282,51.1188,13.6754,241.0,Wahnsdorf bei Dresden Sachsen,Frei
05347,51.5039,9.1118,236.0,Warburg Nordrhein-Westfalen,Frei
05349,53.5196,12.6654,73.0,Waren (Müritz) Mecklenburg-Vorpommern,Frei
05371,50.4973,9.9427,920.0,Wasserkuppe Hessen,Frei
05397,49.6662,12.1844,440.0,Weiden Bayern,Frei
05404,48.4024,11.6946,477.0,Weihenstephan-Dürnast Bayern,Frei
05419,50.9751,11.3076,264.0,Weimar Thüringen,Frei
05426,49.3758,8.1212,553.0,Weinbiet Rheinland-Pfalz,Frei
05431,53.0333,11.8,24.0,Weisen bei Wittenberge Sachsen-Anhalt,Frei
05433,49.5534,6.812,383.0,Weiskirchen/Saar Saarland,Frei
05434,50.0858,11.2364,317.0,Weismain Bayern,Frei
05440,49.0115,10.9308,439.0,Weißenburg-Emetzheim Bayern,Frei
05463,52.0654,14.6898,58.0,Wellmitz Brandenburg,Frei
05480,51.5763,7.8879,85.0,Werl Nordrhein-Westfalen,Frei
05490,51.8454,10.7686,233.0,Wernigerode Sachsen-Anhalt,Frei
05516,54.5283,11.0606,3.0,Fehmarn Schleswig-Holstein,Frei
05538,47.8827,11.1576,551.0,Wielenbach (Demollstr.) Bayern,Frei
05546,52.1206,12.4586,187.0,Wiesenburg Brandenburg,Frei
05559,48.7848,8.5764,383.0,"Wildbad, Bad-Calmbach Baden-Württemberg",Frei
05562,48.6516,8.6801,571.0,Neubulach-Oberhaugstett Baden-Württemberg,Frei
05582,51.294,8.6026,580.0,Willingen/Upland Hessen,Frei
05629,51.8891,12.6446,105.0,Wittenberg Sachsen-Anhalt,Frei
05640,53.5444,7.6625,7.0,Wittmundhafen Niedersachsen,Frei
05643,53.1864,12.4949,68.0,Wittstock-Rote Mühle Brandenburg,Frei
05644,51.3493,9.8438,133.0,Witzenhausen Hessen,Frei
05654,49.2178,10.2296,464.0,Wörnitz-Bottenweiler Bayern,Frei
05663,53.4618,13.6099,118.0,Woldegk Mecklenburg-Vorpommern,Frei
05703,49.7964,9.8949,170.0,Würzburg/Main Bayern,Frei
05705,49.7704,9.9576,268.0,Würzburg Bayern,Frei
05715,52.4626,9.4245,49.0,Wunstorf Niedersachsen,Frei
05745,52.9664,13.3268,51.0,Zehdenick Brandenburg,Frei
05779,50.7313,13.7516,877.0,Zinnwald-Georgenfeld Sachsen,Frei
05797,50.6879,12.4329,349.0,Lichtentanne Sachsen,Frei
05800,49.028,13.2385,615.0,Zwiesel Bayern,Frei
05802,49.0007,13.2137,615.0,Zwieselberg Bayern,Frei
05825,52.6198,12.7867,41.0,Berge Brandenburg,Frei
05839,53.3881,7.2287,-0.0,Emden Niedersachsen,Frei
05856,48.5451,13.3532,476.0,Fürstenzell Bayern,Frei
05871,49.9463,7.2645,497.0,Hahn Rheinland-Pfalz,Frei
05904,48.6493,11.7772,431.0,Mainburg Bayern,Frei
05906,49.5063,8.5584,98.0,Mannheim Baden-Württemberg,Frei
05930,54.641,10.0238,1.0,Schönhagen (Ostseebad) Schleswig-Holstein,Frei
06093,53.2139,10.4704,62.0,Wendisch Evern Niedersachsen,Frei
06095,51.0838,13.4486,273.0,Taubenheim-Seeligstadt Sachsen,Frei
06105,54.3194,9.8051,15.0,Ostenfeld (Rendsburg) Schleswig-Holstein,Frei
06109,53.3837,14.3728,51.0,Grambow-Schwennenz Mecklenburg-Vorpommern,Frei
06110,53.8545,13.4949,11.0,Medow-Wussentin Mecklenburg-Vorpommern,Frei
06158,49.2249,10.6085,454.0,Weidenbach-Weiherschneidbach Bayern,Frei
06159,52.9542,7.3197,8.0,Dörpen Niedersachsen,Frei
06163,54.1654,10.3519,27.0,Dörnick Schleswig-Holstein,Frei
06170,52.0192,14.7254,39.0,Coschen Brandenburg,Frei
06197,51.8664,9.271,258.0,Lügde-Paenbruch Nordrhein-Westfalen,Frei
06199,54.2484,13.0419,16.0,Steinhagen-Negast Mecklenburg-Vorpommern,Frei
06219,48.8768,11.1043,394.0,Dollnstein-Breitenfurt Bayern,Frei
06263,47.7738,8.8219,445.0,Singen Baden-Württemberg,Frei
06266,52.0304,10.9626,112.0,Huy-Pabstorf Sachsen-Anhalt,Frei
06273,52.5075,11.8551,36.0,Demker Sachsen-Anhalt,Frei
06312,49.5314,10.6418,362.0,Markt Erlbach-Mosbach Bayern,Frei
06314,51.0507,13.3003,306.0,Nossen Sachsen,Frei
06336,50.0132,9.654,288.0,Lohr/Main-Halsbach Bayern,Frei
06344,50.394,8.1423,168.0,Runkel-Ennerich Hessen,Frei
07075,48.702,11.8493,429.0,Elsendorf-Horneck Bayern,Frei
07106,52.0714,8.4565,105.0,Bielefeld-Deppendorf Nordrhein-Westfalen,Frei
07135,47.9655,9.6804,565.0,Aulendorf-Haslach Baden-Württemberg,Frei
07187,49.7636,9.4063,194.0,Freudenberg/Main-Boxtal Baden-Württemberg,Frei
07244,53.1424,13.0319,62.0,Neuglobsow (HM) Brandenburg,Frei
07319,48.7374,10.7393,435.0,Donauwörth-Osterweiler Bayern,Frei
07329,50.5467,12.2863,465.0,Treuen Sachsen,Frei
07330,51.4633,7.978,159.0,Arnsberg-Neheim Nordrhein-Westfalen,Frei
07331,48.6099,10.2674,467.0,Hermaringen-Allewind Baden-Württemberg,Frei
07341,50.09,8.7862,119.0,Offenbach-Wetterpark Hessen,Frei
07351,53.3176,13.4175,115.0,Feldberg/Mecklenburg Mecklenburg-Vorpommern,Frei
07367,51.9643,9.8072,144.0,Alfeld Niedersachsen,Frei
07368,51.0007,10.3621,312.0,Eisenach Thüringen,Frei
07369,49.1623,10.3661,475.0,Feuchtwangen-Heilbronn Bayern,Frei
07370,49.391,12.6838,499.0,Waldmünchen Bayern,Frei
07374,52.0813,6.9409,46.0,Ahaus Nordrhein-Westfalen,Frei
07389,52.7461,13.8427,83.0,Heckelberg Brandenburg,Frei
07393,51.4492,14.2533,116.0,Hoyerswerda Sachsen,Frei
07394,50.0315,11.9745,622.0,Wunsiedel-Schönbrunn Bayern,Frei
07395,48.6595,12.5388,351.0,Gottfrieding Bayern,Frei
07396,50.5084,9.2246,740.0,Hoherodskopf/Vogelsberg Hessen,Frei
07403,47.7955,10.0325,672.0,Leutkirch-Herlazhofen Baden-Württemberg,Frei
07410,50.7513,9.0224,350.0,Neu-Ulrichstein Hessen,Frei
07412,50.0083,9.4238,340.0,Neuhütten/Spessart Bayern,Frei
07420,51.1045,11.7113,246.0,Naumburg/Saale-Kreipitzsch Sachsen-Anhalt,Frei
07424,47.7724,12.9073,457.0,Piding Bayern,Frei
07432,52.6423,10.6628,71.0,Wittingen-Vorhop Niedersachsen,Frei
13667,48.0006,7.845,269.0,Freiburg-Mitte Baden-Württemberg,Frei
13674,49.2943,8.9053,237.0,Waibstadt Baden-Württemberg,Frei
13675,52.0818,9.4077,75.0,Hameln-Hastenbeck Niedersachsen,Frei
13776,52.1789,9.9524,85.0,Hildesheim-Drispenstedt Niedersachsen,Frei
13777,52.2467,10.9592,109.0,Helmstedt-Emmerstedt Niedersachsen,Frei
14311,50.15,6.5527,530.0,Hersdorf-Weißenseifen Rheinland-Pfalz,Frei
15000,50.7983,6.0244,231.0,Aachen-Orsbach Nordrhein-Westfalen,Frei
15207,51.2835,9.359,317.0,Schauenburg-Elgershausen Hessen,Frei
15444,48.4418,9.9216,593.0,Ulm-Mähringen Baden-Württemberg,Frei
15555,47.8761,10.5849,815.0,Kaufbeuren-Oberbeuren Bayern,Frei
15813,52.5126,7.4131,40.0,Lingen-Baccum Niedersachsen,Frei
19207,53.8178,12.0645,16.0,Gülzow-Prüzen Mecklenburg-Vorpommern,Frei
19856,47.6134,12.9819,625.0,Schönau am Königssee Bayern,Frei
