fid,id,lat,lon,height,name,state,fid_2,id_2,lat_2,lon_2,height_2,name_2,state_2,id_3,OBJID,BEGINN,GF,NUTS_LEVEL,NUTS_CODE,NUTS_NAME
1,2712,47.6952,9.1307,428,Konstanz Baden-Württemberg,Frei,571,2712,47.6952,9.1307,428,Konstanz Baden-Württemberg,Frei,1,DEBKGNU2000000D6,2025/01/16 00:00:00,4,1,DE1,Baden-Württemberg
2,4094,47.8062,9.6206,441,"Weingarten, Kr. Ravensburg Baden-Württemberg",Frei,842,4094,47.8062,9.6206,441,"Weingarten, Kr. Ravensburg Baden-Württemberg",Frei,1,DEBKGNU2000000D6,2025/01/16 00:00:00,4,1,DE1,Baden-Württemberg
3,1346,47.8748,8.0038,1486,Feldberg/Schwarzwald Baden-Württemberg,Frei,306,1346,47.8748,8.0038,1486,Feldberg/Schwarzwald Baden-Württemberg,Frei,1,DEBKGNU2000000D6,2025/01/16 00:00:00,4,1,DE1,Baden-Württemberg
4,3927,47.9345,9.2869,630,Pfullendorf Baden-Württemberg,Frei,818,3927,47.9345,9.2869,630,Pfullendorf Baden-Württemberg,Frei,1,DEBKGNU2000000D6,2025/01/16 00:00:00,4,1,DE1,Baden-Württemberg
5,1018,47.9422,8.5046,677,Donaueschingen Baden-Württemberg,Frei,233,1018,47.9422,8.5046,677,Donaueschingen Baden-Württemberg,Frei,1,DEBKGNU2000000D6,2025/01/16 00:00:00,4,1,DE1,Baden-Württemberg
6,3519,47.9519,8.9932,663,Neuhausen ob Eck-Unterschwandorf Baden-Württemberg,Frei,736,3519,47.9519,8.9932,663,Neuhausen ob Eck-Unterschwandorf Baden-Württemberg,Frei,1,DEBKGNU2000000D6,2025/01/16 00:00:00,4,1,DE1,Baden-Württemberg
7,4419,47.9556,7.7133,212,Schallstadt-Mengen Baden-Württemberg,Frei,906,4419,47.9556,7.7133,212,Schallstadt-Mengen Baden-Württemberg,Frei,1,DEBKGNU2000000D6,2025/01/16 00:00:00,4,1,DE1,Baden-Württemberg
8,3518,47.976,8.9101,793,Neuhausen ob Eck Baden-Württemberg,Frei,735,3518,47.976,8.9101,793,Neuhausen ob Eck Baden-Württemberg,Frei,1,DEBKGNU2000000D6,2025/01/16 00:00:00,4,1,DE1,Baden-Württemberg
9,1443,48.0232,7.8343,237,Freiburg Baden-Württemberg,Frei,332,1443,48.0232,7.8343,237,Freiburg Baden-Württemberg,Frei,1,DEBKGNU2000000D6,2025/01/16 00:00:00,4,1,DE1,Baden-Württemberg
10,3001,48.0674,7.677,284,Liliental Baden-Württemberg,Frei,627,3001,48.0674,7.677,284,Liliental Baden-Württemberg,Frei,1,DEBKGNU2000000D6,2025/01/16 00:00:00,4,1,DE1,Baden-Württemberg
11,2638,48.1054,8.7548,974,Klippeneck Baden-Württemberg,Frei,552,2638,48.1054,8.7548,974,Klippeneck Baden-Württemberg,Frei,1,DEBKGNU2000000D6,2025/01/16 00:00:00,4,1,DE1,Baden-Württemberg
12,4189,48.1479,9.4596,534,"Altheim, Kreis Biberach Baden-Württemberg",Frei,858,4189,48.1479,9.4596,534,"Altheim, Kreis Biberach Baden-Württemberg",Frei,1,DEBKGNU2000000D6,2025/01/16 00:00:00,4,1,DE1,Baden-Württemberg
13,4190,48.1672,9.4951,526,Riedlingen (A) Baden-Württemberg,Frei,,,,,,,,1,DEBKGNU2000000D6,2025/01/16 00:00:00,4,1,DE1,Baden-Württemberg
14,3268,48.1694,8.9433,900,Meßstetten-Appental Baden-Württemberg,Frei,692,3268,48.1694,8.9433,900,Meßstetten-Appental Baden-Württemberg,Frei,1,DEBKGNU2000000D6,2025/01/16 00:00:00,4,1,DE1,Baden-Württemberg
15,71,48.2156,8.9784,759,Albstadt-Badkap Baden-Württemberg,Frei,8,71,48.2156,8.9784,759,Albstadt-Badkap Baden-Württemberg,Frei,1,DEBKGNU2000000D6,2025/01/16 00:00:00,4,1,DE1,Baden-Württemberg
16,72,48.2766,9.0001,794,Albstadt-Onstmettingen Baden-Württemberg,Frei,9,72,48.2766,9.0001,794,Albstadt-Onstmettingen Baden-Württemberg,Frei,1,DEBKGNU2000000D6,2025/01/16 00:00:00,4,1,DE1,Baden-Württemberg
17,2812,48.3647,7.828,156,Lahr Baden-Württemberg,Frei,589,2812,48.3647,7.828,156,Lahr Baden-Württemberg,Frei,1,DEBKGNU2000000D6,2025/01/16 00:00:00,4,1,DE1,Baden-Württemberg
18,3402,48.3851,9.4837,755,Münsingen-Apfelstetten Baden-Württemberg,Frei,721,3402,48.3851,9.4837,755,Münsingen-Apfelstetten Baden-Württemberg,Frei,1,DEBKGNU2000000D6,2025/01/16 00:00:00,4,1,DE1,Baden-Württemberg
19,1468,48.4538,8.409,797,Freudenstadt Baden-Württemberg,Frei,336,1468,48.4538,8.409,797,Freudenstadt Baden-Württemberg,Frei,1,DEBKGNU2000000D6,2025/01/16 00:00:00,4,1,DE1,Baden-Württemberg
20,4294,48.4704,8.9687,360,Rottenburg-Kiebingen Baden-Württemberg,Frei,874,4294,48.4704,8.9687,360,Rottenburg-Kiebingen Baden-Württemberg,Frei,1,DEBKGNU2000000D6,2025/01/16 00:00:00,4,1,DE1,Baden-Württemberg
21,2814,48.5122,9.7644,687,Merklingen Baden-Württemberg,Frei,590,2814,48.5122,9.7644,687,Merklingen Baden-Württemberg,Frei,1,DEBKGNU2000000D6,2025/01/16 00:00:00,4,1,DE1,Baden-Württemberg
22,3278,48.5377,9.2734,354,Metzingen Baden-Württemberg,Frei,695,3278,48.5377,9.2734,354,Metzingen Baden-Württemberg,Frei,1,DEBKGNU2000000D6,2025/01/16 00:00:00,4,1,DE1,Baden-Württemberg
23,6263,47.7738,8.8219,445,Singen Baden-Württemberg,Frei,1233,6263,47.7738,8.8219,445,Singen Baden-Württemberg,Frei,1,DEBKGNU2000000D6,2025/01/16 00:00:00,4,1,DE1,Baden-Württemberg
24,7135,47.9655,9.6804,565,Aulendorf-Haslach Baden-Württemberg,Frei,1255,7135,47.9655,9.6804,565,Aulendorf-Haslach Baden-Württemberg,Frei,1,DEBKGNU2000000D6,2025/01/16 00:00:00,4,1,DE1,Baden-Württemberg
25,13667,48.0006,7.845,269,Freiburg-Mitte Baden-Württemberg,Frei,1296,13667,48.0006,7.845,269,Freiburg-Mitte Baden-Württemberg,Frei,1,DEBKGNU2000000D6,2025/01/16 00:00:00,4,1,DE1,Baden-Württemberg
26,2423,47.6894,10.0416,712,Isny Baden-Württemberg,Frei,506,2423,47.6894,10.0416,712,Isny Baden-Württemberg,Frei,1,DEBKGNU2000000D6,2025/01/16 00:00:00,4,1,DE1,Baden-Württemberg
27,2886,48.2175,9.9097,539,Laupheim Baden-Württemberg,Frei,601,2886,48.2175,9.9097,539,Laupheim Baden-Württemberg,Frei,1,DEBKGNU2000000D6,2025/01/16 00:00:00,4,1,DE1,Baden-Württemberg
28,5155,48.3837,9.9524,567,Ulm Baden-Württemberg,Frei,1048,5155,48.3837,9.9524,567,Ulm Baden-Württemberg,Frei,1,DEBKGNU2000000D6,2025/01/16 00:00:00,4,1,DE1,Baden-Württemberg
29,7403,47.7955,10.0325,672,Leutkirch-Herlazhofen Baden-Württemberg,Frei,1284,7403,47.7955,10.0325,672,Leutkirch-Herlazhofen Baden-Württemberg,Frei,1,DEBKGNU2000000D6,2025/01/16 00:00:00,4,1,DE1,Baden-Württemberg
30,15444,48.4418,9.9216,593,Ulm-Mähringen Baden-Württemberg,Frei,1333,15444,48.4418,9.9216,593,Ulm-Mähringen Baden-Württemberg,Frei,1,DEBKGNU2000000D6,2025/01/16 00:00:00,4,1,DE1,Baden-Württemberg
31,4887,48.6656,9.8648,734,Stötten Baden-Württemberg,Frei,992,4887,48.6656,9.8648,734,Stötten Baden-Württemberg,Frei,1,DEBKGNU2000000D6,2025/01/16 00:00:00,4,1,DE1,Baden-Württemberg
32,3603,49.3895,9.9666,459,Niederstetten Baden-Württemberg,Frei,755,3603,49.3895,9.9666,459,Niederstetten Baden-Württemberg,Frei,1,DEBKGNU2000000D6,2025/01/16 00:00:00,4,1,DE1,Baden-Württemberg
33,881,49.0985,10.0979,423,Crailsheim-Alexandersreut Baden-Württemberg,Frei,200,881,49.0985,10.0979,423,Crailsheim-Alexandersreut Baden-Württemberg,Frei,1,DEBKGNU2000000D6,2025/01/16 00:00:00,4,1,DE1,Baden-Württemberg
34,1197,48.9895,10.1312,463,Ellwangen-Rindelbach Baden-Württemberg,Frei,268,1197,48.9895,10.1312,463,Ellwangen-Rindelbach Baden-Württemberg,Frei,1,DEBKGNU2000000D6,2025/01/16 00:00:00,4,1,DE1,Baden-Württemberg
35,2088,48.6849,10.142,522,Heidenheim/Brenz Baden-Württemberg,Frei,440,2088,48.6849,10.142,522,Heidenheim/Brenz Baden-Württemberg,Frei,1,DEBKGNU2000000D6,2025/01/16 00:00:00,4,1,DE1,Baden-Württemberg
36,7331,48.6099,10.2674,467,Hermaringen-Allewind Baden-Württemberg,Frei,1265,7331,48.6099,10.2674,467,Hermaringen-Allewind Baden-Württemberg,Frei,1,DEBKGNU2000000D6,2025/01/16 00:00:00,4,1,DE1,Baden-Württemberg
37,4169,48.6703,7.9939,131,Rheinau-Memprechtshofen Baden-Württemberg,Frei,854,4169,48.6703,7.9939,131,Rheinau-Memprechtshofen Baden-Württemberg,Frei,1,DEBKGNU2000000D6,2025/01/16 00:00:00,4,1,DE1,Baden-Württemberg
38,4931,48.6883,9.2235,371,Stuttgart-Echterdingen Baden-Württemberg,Frei,1000,4931,48.6883,9.2235,371,Stuttgart-Echterdingen Baden-Württemberg,Frei,1,DEBKGNU2000000D6,2025/01/16 00:00:00,4,1,DE1,Baden-Württemberg
39,4933,48.7091,9.2147,401,Stuttgart-Hohenheim Baden-Württemberg,Frei,1001,4933,48.7091,9.2147,401,Stuttgart-Hohenheim Baden-Württemberg,Frei,1,DEBKGNU2000000D6,2025/01/16 00:00:00,4,1,DE1,Baden-Württemberg
40,5559,48.7848,8.5764,383,"Wildbad, Bad-Calmbach Baden-Württemberg",Frei,1117,5559,48.7848,8.5764,383,"Wildbad, Bad-Calmbach Baden-Württemberg",Frei,1,DEBKGNU2000000D6,2025/01/16 00:00:00,4,1,DE1,Baden-Württemberg
41,4926,48.7896,9.2167,224,Stuttgart (Neckartal) Baden-Württemberg,Frei,996,4926,48.7896,9.2167,224,Stuttgart (Neckartal) Baden-Württemberg,Frei,1,DEBKGNU2000000D6,2025/01/16 00:00:00,4,1,DE1,Baden-Württemberg
42,4928,48.8281,9.2,314,Stuttgart (Schnarrenberg) Baden-Württemberg,Frei,998,4928,48.8281,9.2,314,Stuttgart (Schnarrenberg) Baden-Württemberg,Frei,1,DEBKGNU2000000D6,2025/01/16 00:00:00,4,1,DE1,Baden-Württemberg
43,2485,48.917,9.6871,489,Kaisersbach-Cronhütte Baden-Württemberg,Frei,521,2485,48.917,9.6871,489,Kaisersbach-Cronhütte Baden-Württemberg,Frei,1,DEBKGNU2000000D6,2025/01/16 00:00:00,4,1,DE1,Baden-Württemberg
44,4349,48.9569,9.0711,251,Sachsenheim Baden-Württemberg,Frei,890,4349,48.9569,9.0711,251,Sachsenheim Baden-Württemberg,Frei,1,DEBKGNU2000000D6,2025/01/16 00:00:00,4,1,DE1,Baden-Württemberg
45,3362,48.9721,8.8735,243,Mühlacker Baden-Württemberg,Frei,710,3362,48.9721,8.8735,243,Mühlacker Baden-Württemberg,Frei,1,DEBKGNU2000000D6,2025/01/16 00:00:00,4,1,DE1,Baden-Württemberg
46,4177,48.9726,8.3301,116,Rheinstetten Baden-Württemberg,Frei,857,4177,48.9726,8.3301,116,Rheinstetten Baden-Württemberg,Frei,1,DEBKGNU2000000D6,2025/01/16 00:00:00,4,1,DE1,Baden-Württemberg
47,2522,49.0373,8.3637,112,Karlsruhe Baden-Württemberg,Frei,531,2522,49.0373,8.3637,112,Karlsruhe Baden-Württemberg,Frei,1,DEBKGNU2000000D6,2025/01/16 00:00:00,4,1,DE1,Baden-Württemberg
48,4582,49.0823,9.6892,358,Schwäbisch Hall-Bibersfeld Baden-Württemberg,Frei,942,4582,49.0823,9.6892,358,Schwäbisch Hall-Bibersfeld Baden-Württemberg,Frei,1,DEBKGNU2000000D6,2025/01/16 00:00:00,4,1,DE1,Baden-Württemberg
49,3734,49.128,9.3525,232,Obersulm-Willsbach Baden-Württemberg,Frei,781,3734,49.128,9.3525,232,Obersulm-Willsbach Baden-Württemberg,Frei,1,DEBKGNU2000000D6,2025/01/16 00:00:00,4,1,DE1,Baden-Württemberg
50,2095,49.1448,9.2333,167,Heilbronn Baden-Württemberg,Frei,443,2095,49.1448,9.2333,167,Heilbronn Baden-Württemberg,Frei,1,DEBKGNU2000000D6,2025/01/16 00:00:00,4,1,DE1,Baden-Württemberg
51,3761,49.207,9.5176,276,Öhringen Baden-Württemberg,Frei,789,3761,49.207,9.5176,276,Öhringen Baden-Württemberg,Frei,1,DEBKGNU2000000D6,2025/01/16 00:00:00,4,1,DE1,Baden-Württemberg
52,4719,49.2447,8.8787,169,Sinsheim Baden-Württemberg,Frei,970,4719,49.2447,8.8787,169,Sinsheim Baden-Württemberg,Frei,1,DEBKGNU2000000D6,2025/01/16 00:00:00,4,1,DE1,Baden-Württemberg
53,634,49.4442,9.6458,373,Boxberg-Seehof,Baden-Württemberg,139,634,49.4442,9.6458,373,Boxberg-Seehof,Baden-Württemberg,1,DEBKGNU2000000D6,2025/01/16 00:00:00,4,1,DE1,Baden-Württemberg
54,755,49.5182,9.3213,340,"Buchen, Kr. Neckar-Odenwald Baden-Württemberg",Frei,172,755,49.5182,9.3213,340,"Buchen, Kr. Neckar-Odenwald Baden-Württemberg",Frei,1,DEBKGNU2000000D6,2025/01/16 00:00:00,4,1,DE1,Baden-Württemberg
55,5562,48.6516,8.6801,571,Neubulach-Oberhaugstett Baden-Württemberg,Frei,1119,5562,48.6516,8.6801,571,Neubulach-Oberhaugstett Baden-Württemberg,Frei,1,DEBKGNU2000000D6,2025/01/16 00:00:00,4,1,DE1,Baden-Württemberg
56,5906,49.5063,8.5584,98,Mannheim Baden-Württemberg,Frei,1176,5906,49.5063,8.5584,98,Mannheim Baden-Württemberg,Frei,1,DEBKGNU2000000D6,2025/01/16 00:00:00,4,1,DE1,Baden-Württemberg
57,7187,49.7636,9.4063,194,Freudenberg/Main-Boxtal Baden-Württemberg,Frei,1256,7187,49.7636,9.4063,194,Freudenberg/Main-Boxtal Baden-Württemberg,Frei,1,DEBKGNU2000000D6,2025/01/16 00:00:00,4,1,DE1,Baden-Württemberg
58,13674,49.2943,8.9053,237,Waibstadt Baden-Württemberg,Frei,1298,13674,49.2943,8.9053,237,Waibstadt Baden-Württemberg,Frei,1,DEBKGNU2000000D6,2025/01/16 00:00:00,4,1,DE1,Baden-Württemberg
59,2597,50.224,10.0792,282,"Kissingen, Bad Bayern",Frei,544,2597,50.224,10.0792,282,"Kissingen, Bad Bayern",Frei,2,DEBKGNU2000000D7,2025/01/16 00:00:00,4,1,DE2,Bayern
60,3730,47.3984,10.2759,806,Oberstdorf Bayern,Frei,780,3730,47.3984,10.2759,806,Oberstdorf Bayern,Frei,2,DEBKGNU2000000D7,2025/01/16 00:00:00,4,1,DE2,Bayern
61,1550,47.483,11.0621,719,Garmisch-Partenkirchen Bayern,Frei,351,1550,47.483,11.0621,719,Garmisch-Partenkirchen Bayern,Frei,2,DEBKGNU2000000D7,2025/01/16 00:00:00,4,1,DE2,Bayern
62,361,47.6344,13.0109,550,Berchtesgaden (KKst) Bayern,Frei,80,361,47.6344,13.0109,550,Berchtesgaden (KKst) Bayern,Frei,2,DEBKGNU2000000D7,2025/01/16 00:00:00,4,1,DE2,Bayern
63,2559,47.7233,10.3348,705,Kempten Bayern,Frei,538,2559,47.7233,10.3348,705,Kempten Bayern,Frei,2,DEBKGNU2000000D7,2025/01/16 00:00:00,4,1,DE2,Bayern
64,2290,47.8009,11.0108,977,Hohenpeißenberg Bayern,Frei,477,2290,47.8009,11.0108,977,Hohenpeißenberg Bayern,Frei,2,DEBKGNU2000000D7,2025/01/16 00:00:00,4,1,DE2,Bayern
65,125,47.8342,10.8667,739,Altenstadt Bayern,Frei,20,125,47.8342,10.8667,739,Altenstadt Bayern,Frei,2,DEBKGNU2000000D7,2025/01/16 00:00:00,4,1,DE2,Bayern
66,2542,47.8652,10.6007,716,Kaufbeuren Bayern,Frei,535,2542,47.8652,10.6007,716,Kaufbeuren Bayern,Frei,2,DEBKGNU2000000D7,2025/01/16 00:00:00,4,1,DE2,Bayern
67,856,47.8843,12.5404,551,Chieming Bayern,Frei,191,856,47.8843,12.5404,551,Chieming Bayern,Frei,2,DEBKGNU2000000D7,2025/01/16 00:00:00,4,1,DE2,Bayern
68,154,48.0197,12.2925,516,Amerang-Pfaffing Bayern,Frei,28,154,48.0197,12.2925,516,Amerang-Pfaffing Bayern,Frei,2,DEBKGNU2000000D7,2025/01/16 00:00:00,4,1,DE2,Bayern
69,2829,48.0772,10.9144,617,Landsberg (Flugplatz) Bayern,Frei,592,2829,48.0772,10.9144,617,Landsberg (Flugplatz) Bayern,Frei,2,DEBKGNU2000000D7,2025/01/16 00:00:00,4,1,DE2,Bayern
70,3390,48.1369,11.7094,529,München-Riem Bayern,Frei,720,3390,48.1369,11.7094,529,München-Riem Bayern,Frei,2,DEBKGNU2000000D7,2025/01/16 00:00:00,4,1,DE2,Bayern
71,3379,48.1632,11.5429,515,München-Stadt Bayern,Frei,715,3379,48.1632,11.5429,515,München-Stadt Bayern,Frei,2,DEBKGNU2000000D7,2025/01/16 00:00:00,4,1,DE2,Bayern
72,2905,48.1849,10.8507,550,Lechfeld Bayern,Frei,604,2905,48.1849,10.8507,550,Lechfeld Bayern,Frei,2,DEBKGNU2000000D7,2025/01/16 00:00:00,4,1,DE2,Bayern
73,3139,48.2166,11.2965,509,Maisach-Gernlinden Bayern,Frei,661,3139,48.2166,11.2965,509,Maisach-Gernlinden Bayern,Frei,2,DEBKGNU2000000D7,2025/01/16 00:00:00,4,1,DE2,Bayern
74,3722,48.2443,11.5528,484,Oberschleißheim Bayern,Frei,778,3722,48.2443,11.5528,484,Oberschleißheim Bayern,Frei,2,DEBKGNU2000000D7,2025/01/16 00:00:00,4,1,DE2,Bayern
75,3485,48.3114,10.3773,487,Neuburg/Kammel-Langenhaslach Bayern,Frei,729,3485,48.3114,10.3773,487,Neuburg/Kammel-Langenhaslach Bayern,Frei,2,DEBKGNU2000000D7,2025/01/16 00:00:00,4,1,DE2,Bayern
76,3366,48.279,12.5024,406,Mühldorf Bayern,Frei,711,3366,48.279,12.5024,406,Mühldorf Bayern,Frei,2,DEBKGNU2000000D7,2025/01/16 00:00:00,4,1,DE2,Bayern
77,1262,48.3477,11.8134,446,München-Flughafen Bayern,Frei,286,1262,48.3477,11.8134,446,München-Flughafen Bayern,Frei,2,DEBKGNU2000000D7,2025/01/16 00:00:00,4,1,DE2,Bayern
78,232,48.4253,10.9417,462,Augsburg Bayern,Frei,54,232,48.4253,10.9417,462,Augsburg Bayern,Frei,2,DEBKGNU2000000D7,2025/01/16 00:00:00,4,1,DE2,Bayern
79,4706,48.2718,13.0273,358,Simbach/Inn Bayern,Frei,968,4706,48.2718,13.0273,358,Simbach/Inn Bayern,Frei,2,DEBKGNU2000000D7,2025/01/16 00:00:00,4,1,DE2,Bayern
80,5404,48.4024,11.6946,477,Weihenstephan-Dürnast Bayern,Frei,1088,5404,48.4024,11.6946,477,Weihenstephan-Dürnast Bayern,Frei,2,DEBKGNU2000000D7,2025/01/16 00:00:00,4,1,DE2,Bayern
81,5538,47.8827,11.1576,551,Wielenbach (Demollstr.) Bayern,Frei,1113,5538,47.8827,11.1576,551,Wielenbach (Demollstr.) Bayern,Frei,2,DEBKGNU2000000D7,2025/01/16 00:00:00,4,1,DE2,Bayern
82,7424,47.7724,12.9073,457,Piding Bayern,Frei,1290,7424,47.7724,12.9073,457,Piding Bayern,Frei,2,DEBKGNU2000000D7,2025/01/16 00:00:00,4,1,DE2,Bayern
83,15555,47.8761,10.5849,815,Kaufbeuren-Oberbeuren Bayern,Frei,1337,15555,47.8761,10.5849,815,Kaufbeuren-Oberbeuren Bayern,Frei,2,DEBKGNU2000000D7,2025/01/16 00:00:00,4,1,DE2,Bayern
84,19856,47.6134,12.9819,625,Schönau am Königssee Bayern,Frei,1375,19856,47.6134,12.9819,625,Schönau am Königssee Bayern,Frei,2,DEBKGNU2000000D7,2025/01/16 00:00:00,4,1,DE2,Bayern
85,5032,49.885,9.8469,197,Thüngersheim Bayern,Frei,1016,5032,49.885,9.8469,197,Thüngersheim Bayern,Frei,2,DEBKGNU2000000D7,2025/01/16 00:00:00,4,1,DE2,Bayern
86,5703,49.7964,9.8949,170,Würzburg/Main Bayern,Frei,1142,5703,49.7964,9.8949,170,Würzburg/Main Bayern,Frei,2,DEBKGNU2000000D7,2025/01/16 00:00:00,4,1,DE2,Bayern
87,5705,49.7704,9.9576,268,Würzburg Bayern,Frei,1143,5705,49.7704,9.9576,268,Würzburg Bayern,Frei,2,DEBKGNU2000000D7,2025/01/16 00:00:00,4,1,DE2,Bayern
88,4287,49.3849,10.1732,415,Rothenburg ob der Tauber Bayern,Frei,871,4287,49.3849,10.1732,415,Rothenburg ob der Tauber Bayern,Frei,2,DEBKGNU2000000D7,2025/01/16 00:00:00,4,1,DE2,Bayern
89,5654,49.2178,10.2296,464,Wörnitz-Bottenweiler Bayern,Frei,1133,5654,49.2178,10.2296,464,Wörnitz-Bottenweiler Bayern,Frei,2,DEBKGNU2000000D7,2025/01/16 00:00:00,4,1,DE2,Bayern
90,1107,49.852,10.4991,346,Ebrach Bayern,Frei,255,1107,49.852,10.4991,346,Ebrach Bayern,Frei,2,DEBKGNU2000000D7,2025/01/16 00:00:00,4,1,DE2,Bayern
91,3621,48.8253,10.5067,435,Reimlingen Bayern,Frei,758,3621,48.8253,10.5067,435,Reimlingen Bayern,Frei,2,DEBKGNU2000000D7,2025/01/16 00:00:00,4,1,DE2,Bayern
92,3565,49.5728,10.6001,315,Neustadt/Aisch Bayern,Frei,746,3565,49.5728,10.6001,315,Neustadt/Aisch Bayern,Frei,2,DEBKGNU2000000D7,2025/01/16 00:00:00,4,1,DE2,Bayern
93,3181,49.4875,10.6277,360,Markt Erlbach-Hagenhofen Bayern,Frei,671,3181,49.4875,10.6277,360,Markt Erlbach-Hagenhofen Bayern,Frei,2,DEBKGNU2000000D7,2025/01/16 00:00:00,4,1,DE2,Bayern
94,2023,48.7918,10.7062,501,Harburg Bayern,Frei,428,2023,48.7918,10.7062,501,Harburg Bayern,Frei,2,DEBKGNU2000000D7,2025/01/16 00:00:00,4,1,DE2,Bayern
95,2488,48.7701,10.7876,516,Kaisheim-Neuhof Bayern,Frei,523,2488,48.7701,10.7876,516,Kaisheim-Neuhof Bayern,Frei,2,DEBKGNU2000000D7,2025/01/16 00:00:00,4,1,DE2,Bayern
96,283,49.8808,10.8695,382,Bamberg-Altenburg Bayern,Frei,61,283,49.8808,10.8695,382,Bamberg-Altenburg Bayern,Frei,2,DEBKGNU2000000D7,2025/01/16 00:00:00,4,1,DE2,Bayern
97,282,49.8743,10.9206,240,Bamberg Bayern,Frei,60,282,49.8743,10.9206,240,Bamberg Bayern,Frei,2,DEBKGNU2000000D7,2025/01/16 00:00:00,4,1,DE2,Bayern
98,5440,49.0115,10.9308,439,Weißenburg-Emetzheim Bayern,Frei,1098,5440,49.0115,10.9308,439,Weißenburg-Emetzheim Bayern,Frei,2,DEBKGNU2000000D7,2025/01/16 00:00:00,4,1,DE2,Bayern
99,4438,49.975,11.0395,317,Scheßlitz Bayern,Frei,912,4438,49.975,11.0395,317,Scheßlitz Bayern,Frei,2,DEBKGNU2000000D7,2025/01/16 00:00:00,4,1,DE2,Bayern
100,3668,49.503,11.0549,314,Nürnberg Bayern,Frei,771,3668,49.503,11.0549,314,Nürnberg Bayern,Frei,2,DEBKGNU2000000D7,2025/01/16 00:00:00,4,1,DE2,Bayern
101,5185,49.5933,11.0704,291,Uttenreuth Bayern,Frei,1051,5185,49.5933,11.0704,291,Uttenreuth Bayern,Frei,2,DEBKGNU2000000D7,2025/01/16 00:00:00,4,1,DE2,Bayern
102,4280,49.2162,11.1035,386,Roth Bayern,Frei,870,4280,49.2162,11.1035,386,Roth Bayern,Frei,2,DEBKGNU2000000D7,2025/01/16 00:00:00,4,1,DE2,Bayern
103,3484,48.7085,11.2147,379,Neuburg an der Donau Bayern,Frei,728,3484,48.7085,11.2147,379,Neuburg an der Donau Bayern,Frei,2,DEBKGNU2000000D7,2025/01/16 00:00:00,4,1,DE2,Bayern
104,2691,48.6707,11.2173,378,Königsmoos-Untermaxfeld Bayern,Frei,563,2691,48.6707,11.2173,378,Königsmoos-Untermaxfeld Bayern,Frei,2,DEBKGNU2000000D7,2025/01/16 00:00:00,4,1,DE2,Bayern
105,1161,48.8778,11.2349,385,Eichstätt-Landershofen Bayern,Frei,261,1161,48.8778,11.2349,385,Eichstätt-Landershofen Bayern,Frei,2,DEBKGNU2000000D7,2025/01/16 00:00:00,4,1,DE2,Bayern
106,1473,49.1869,11.308,414,Freystadt-Michelbach Bayern,Frei,337,1473,49.1869,11.308,414,Freystadt-Michelbach Bayern,Frei,2,DEBKGNU2000000D7,2025/01/16 00:00:00,4,1,DE2,Bayern
107,2521,48.6725,11.3092,376,Karlshuld Bayern,Frei,530,2521,48.6725,11.3092,376,Karlshuld Bayern,Frei,2,DEBKGNU2000000D7,2025/01/16 00:00:00,4,1,DE2,Bayern
108,1587,48.9481,11.4289,536,Gelbelsee Bayern,Frei,359,1587,48.9481,11.4289,536,Gelbelsee Bayern,Frei,2,DEBKGNU2000000D7,2025/01/16 00:00:00,4,1,DE2,Bayern
109,320,49.9666,11.5198,350,Heinersreuth-Vollhof Bayern,Frei,68,320,49.9666,11.5198,350,Heinersreuth-Vollhof Bayern,Frei,2,DEBKGNU2000000D7,2025/01/16 00:00:00,4,1,DE2,Bayern
110,2700,48.8302,11.4872,416,Kösching Bayern,Frei,566,2700,48.8302,11.4872,416,Kösching Bayern,Frei,2,DEBKGNU2000000D7,2025/01/16 00:00:00,4,1,DE2,Bayern
111,3975,49.4777,11.5357,522,Pommelsbrunn-Mittelburg Bayern,Frei,825,3975,49.4777,11.5357,522,Pommelsbrunn-Mittelburg Bayern,Frei,2,DEBKGNU2000000D7,2025/01/16 00:00:00,4,1,DE2,Bayern
112,2410,48.7111,11.5363,364,Ingolstadt-Manching Bayern,Frei,503,2410,48.7111,11.5363,364,Ingolstadt-Manching Bayern,Frei,2,DEBKGNU2000000D7,2025/01/16 00:00:00,4,1,DE2,Bayern
113,6158,49.2249,10.6085,454,Weidenbach-Weiherschneidbach Bayern,Frei,1203,6158,49.2249,10.6085,454,Weidenbach-Weiherschneidbach Bayern,Frei,2,DEBKGNU2000000D7,2025/01/16 00:00:00,4,1,DE2,Bayern
114,6219,48.8768,11.1043,394,Dollnstein-Breitenfurt Bayern,Frei,1219,6219,48.8768,11.1043,394,Dollnstein-Breitenfurt Bayern,Frei,2,DEBKGNU2000000D7,2025/01/16 00:00:00,4,1,DE2,Bayern
115,6312,49.5314,10.6418,362,Markt Erlbach-Mosbach Bayern,Frei,1244,6312,49.5314,10.6418,362,Markt Erlbach-Mosbach Bayern,Frei,2,DEBKGNU2000000D7,2025/01/16 00:00:00,4,1,DE2,Bayern
116,7319,48.7374,10.7393,435,Donauwörth-Osterweiler Bayern,Frei,1260,7319,48.7374,10.7393,435,Donauwörth-Osterweiler Bayern,Frei,2,DEBKGNU2000000D7,2025/01/16 00:00:00,4,1,DE2,Bayern
117,7369,49.1623,10.3661,475,Feuchtwangen-Heilbronn Bayern,Frei,1273,7369,49.1623,10.3661,475,Feuchtwangen-Heilbronn Bayern,Frei,2,DEBKGNU2000000D7,2025/01/16 00:00:00,4,1,DE2,Bayern
118,867,50.3066,10.9679,344,Lautertal-Oberlauter Bayern,Frei,195,867,50.3066,10.9679,344,Lautertal-Oberlauter Bayern,Frei,2,DEBKGNU2000000D7,2025/01/16 00:00:00,4,1,DE2,Bayern
119,2750,50.2524,11.3209,310,Kronach Bayern,Frei,575,2750,50.2524,11.3209,310,Kronach Bayern,Frei,2,DEBKGNU2000000D7,2025/01/16 00:00:00,4,1,DE2,Bayern
120,2261,50.3123,11.876,565,Hof Bayern,Frei,473,2261,50.3123,11.876,565,Hof Bayern,Frei,2,DEBKGNU2000000D7,2025/01/16 00:00:00,4,1,DE2,Bayern
121,5434,50.0858,11.2364,317,Weismain Bayern,Frei,1097,5434,50.0858,11.2364,317,Weismain Bayern,Frei,2,DEBKGNU2000000D7,2025/01/16 00:00:00,4,1,DE2,Bayern
122,7394,50.0315,11.9745,622,Wunsiedel-Schönbrunn Bayern,Frei,1281,7394,50.0315,11.9745,622,Wunsiedel-Schönbrunn Bayern,Frei,2,DEBKGNU2000000D7,2025/01/16 00:00:00,4,1,DE2,Bayern
123,502,49.8643,9.5044,371,Bischbrunn-Oberndorf Bayern,Frei,115,502,49.8643,9.5044,371,Bischbrunn-Oberndorf Bayern,Frei,2,DEBKGNU2000000D7,2025/01/16 00:00:00,4,1,DE2,Bayern
124,685,49.9017,9.4281,585,Breitsol Bayern,Frei,154,685,49.9017,9.4281,585,Breitsol Bayern,Frei,2,DEBKGNU2000000D7,2025/01/16 00:00:00,4,1,DE2,Bayern
125,3056,50.0103,9.61,161,Lohr/Main-Steinbach Bayern,Frei,643,3056,50.0103,9.61,161,Lohr/Main-Steinbach Bayern,Frei,2,DEBKGNU2000000D7,2025/01/16 00:00:00,4,1,DE2,Bayern
126,6336,50.0132,9.654,288,Lohr/Main-Halsbach Bayern,Frei,1246,6336,50.0132,9.654,288,Lohr/Main-Halsbach Bayern,Frei,2,DEBKGNU2000000D7,2025/01/16 00:00:00,4,1,DE2,Bayern
127,7412,50.0083,9.4238,340,Neuhütten/Spessart Bayern,Frei,1286,7412,50.0083,9.4238,340,Neuhütten/Spessart Bayern,Frei,2,DEBKGNU2000000D7,2025/01/16 00:00:00,4,1,DE2,Bayern
128,3875,49.151,11.6897,549,Parsberg/Oberpfalz-Eglwang Bayern,Frei,805,3875,49.151,11.6897,549,Parsberg/Oberpfalz-Eglwang Bayern,Frei,2,DEBKGNU2000000D7,2025/01/16 00:00:00,4,1,DE2,Bayern
129,2360,48.6018,11.6769,438,Hüll Bayern,Frei,494,2360,48.6018,11.6769,438,Hüll Bayern,Frei,2,DEBKGNU2000000D7,2025/01/16 00:00:00,4,1,DE2,Bayern
130,221,48.5515,11.7117,483,Au i.d.Hallertau-Günzenhausen Bayern,Frei,51,221,48.5515,11.7117,483,Au i.d.Hallertau-Günzenhausen Bayern,Frei,2,DEBKGNU2000000D7,2025/01/16 00:00:00,4,1,DE2,Bayern
131,1292,49.7522,11.8222,470,Eschenbach/Oberpfalz Bayern,Frei,295,1292,49.7522,11.8222,470,Eschenbach/Oberpfalz Bayern,Frei,2,DEBKGNU2000000D7,2025/01/16 00:00:00,4,1,DE2,Bayern
132,3571,49.8174,11.8638,452,Neustadt am Kulm-Filchendorf Bayern,Frei,747,3571,49.8174,11.8638,452,Neustadt am Kulm-Filchendorf Bayern,Frei,2,DEBKGNU2000000D7,2025/01/16 00:00:00,4,1,DE2,Bayern
133,2773,49.4283,11.9016,416,Kümmersbruck Bayern,Frei,581,2773,49.4283,11.9016,416,Kümmersbruck Bayern,Frei,2,DEBKGNU2000000D7,2025/01/16 00:00:00,4,1,DE2,Bayern
134,4592,49.3278,12.0871,356,Schwandorf Bayern,Frei,946,4592,49.3278,12.0871,356,Schwandorf Bayern,Frei,2,DEBKGNU2000000D7,2025/01/16 00:00:00,4,1,DE2,Bayern
135,4104,49.0425,12.1019,365,Regensburg Bayern,Frei,844,4104,49.0425,12.1019,365,Regensburg Bayern,Frei,2,DEBKGNU2000000D7,2025/01/16 00:00:00,4,1,DE2,Bayern
136,5397,49.6662,12.1844,440,Weiden Bayern,Frei,1085,5397,49.6662,12.1844,440,Weiden Bayern,Frei,2,DEBKGNU2000000D7,2025/01/16 00:00:00,4,1,DE2,Bayern
137,2831,48.5357,12.1132,393,Landshut Bayern,Frei,594,2831,48.5357,12.1132,393,Landshut Bayern,Frei,2,DEBKGNU2000000D7,2025/01/16 00:00:00,4,1,DE2,Bayern
138,2783,48.5126,12.1513,436,Kumhausen Bayern,Frei,584,2783,48.5126,12.1513,436,Kumhausen Bayern,Frei,2,DEBKGNU2000000D7,2025/01/16 00:00:00,4,1,DE2,Bayern
139,4911,48.8275,12.5597,351,Straubing Bayern,Frei,994,4911,48.8275,12.5597,351,Straubing Bayern,Frei,2,DEBKGNU2000000D7,2025/01/16 00:00:00,4,1,DE2,Bayern
140,4559,49.1644,12.6175,398,Schorndorf-Knöbling Bayern,Frei,937,4559,49.1644,12.6175,398,Schorndorf-Knöbling Bayern,Frei,2,DEBKGNU2000000D7,2025/01/16 00:00:00,4,1,DE2,Bayern
141,3271,48.8548,12.9189,314,Metten Bayern,Frei,693,3271,48.8548,12.9189,314,Metten Bayern,Frei,2,DEBKGNU2000000D7,2025/01/16 00:00:00,4,1,DE2,Bayern
142,5802,49.0007,13.2137,615,Zwieselberg Bayern,Frei,1161,5802,49.0007,13.2137,615,Zwieselberg Bayern,Frei,2,DEBKGNU2000000D7,2025/01/16 00:00:00,4,1,DE2,Bayern
143,5800,49.028,13.2385,615,Zwiesel Bayern,Frei,1160,5800,49.028,13.2385,615,Zwiesel Bayern,Frei,2,DEBKGNU2000000D7,2025/01/16 00:00:00,4,1,DE2,Bayern
144,4354,48.7832,13.3146,457,Saldenburg-Entschenreuth Bayern,Frei,892,4354,48.7832,13.3146,457,Saldenburg-Entschenreuth Bayern,Frei,2,DEBKGNU2000000D7,2025/01/16 00:00:00,4,1,DE2,Bayern
145,5856,48.5451,13.3532,476,Fürstenzell Bayern,Frei,1169,5856,48.5451,13.3532,476,Fürstenzell Bayern,Frei,2,DEBKGNU2000000D7,2025/01/16 00:00:00,4,1,DE2,Bayern
146,3879,48.5781,13.4696,409,Passau-Oberhaus Bayern,Frei,807,3879,48.5781,13.4696,409,Passau-Oberhaus Bayern,Frei,2,DEBKGNU2000000D7,2025/01/16 00:00:00,4,1,DE2,Bayern
147,5904,48.6493,11.7772,431,Mainburg Bayern,Frei,1175,5904,48.6493,11.7772,431,Mainburg Bayern,Frei,2,DEBKGNU2000000D7,2025/01/16 00:00:00,4,1,DE2,Bayern
148,7075,48.702,11.8493,429,Elsendorf-Horneck Bayern,Frei,1251,7075,48.702,11.8493,429,Elsendorf-Horneck Bayern,Frei,2,DEBKGNU2000000D7,2025/01/16 00:00:00,4,1,DE2,Bayern
149,7370,49.391,12.6838,499,Waldmünchen Bayern,Frei,1274,7370,49.391,12.6838,499,Waldmünchen Bayern,Frei,2,DEBKGNU2000000D7,2025/01/16 00:00:00,4,1,DE2,Bayern
150,7395,48.6595,12.5388,351,Gottfrieding Bayern,Frei,1282,7395,48.6595,12.5388,351,Gottfrieding Bayern,Frei,2,DEBKGNU2000000D7,2025/01/16 00:00:00,4,1,DE2,Bayern
151,410,52.404,13.7309,33,Berlin-Kaniswall Berlin,Frei,95,410,52.404,13.7309,33,Berlin-Kaniswall Berlin,Frei,3,DEBKGNU2000000D8,2023/10/04 00:00:00,4,1,DE3,Berlin
152,403,52.4537,13.3017,51,Berlin-Dahlem (FU) Berlin,Frei,91,403,52.4537,13.3017,51,Berlin-Dahlem (FU) Berlin,Frei,3,DEBKGNU2000000D8,2023/10/04 00:00:00,4,1,DE3,Berlin
153,433,52.4676,13.402,48,Berlin-Tempelhof Berlin,Frei,106,433,52.4676,13.402,48,Berlin-Tempelhof Berlin,Frei,3,DEBKGNU2000000D8,2023/10/04 00:00:00,4,1,DE3,Berlin
154,424,52.5,13.4667,36,Berlin-Ostkreuz Berlin,Frei,100,424,52.5,13.4667,36,Berlin-Ostkreuz Berlin,Frei,3,DEBKGNU2000000D8,2023/10/04 00:00:00,4,1,DE3,Berlin
155,399,52.5198,13.4057,36,Berlin-Alexanderplatz Berlin,Frei,88,399,52.5198,13.4057,36,Berlin-Alexanderplatz Berlin,Frei,3,DEBKGNU2000000D8,2023/10/04 00:00:00,4,1,DE3,Berlin
156,420,52.5447,13.5598,61,Berlin-Marzahn Berlin,Frei,98,420,52.5447,13.5598,61,Berlin-Marzahn Berlin,Frei,3,DEBKGNU2000000D8,2023/10/04 00:00:00,4,1,DE3,Berlin
157,430,52.5644,13.3088,36,Berlin-Tegel Berlin,Frei,104,430,52.5644,13.3088,36,Berlin-Tegel Berlin,Frei,3,DEBKGNU2000000D8,2023/10/04 00:00:00,4,1,DE3,Berlin
158,432,52.6044,13.2952,36,Berlin-Tegeler Fliesstal Berlin,Frei,105,432,52.6044,13.2952,36,Berlin-Tegeler Fliesstal Berlin,Frei,3,DEBKGNU2000000D8,2023/10/04 00:00:00,4,1,DE3,Berlin
159,400,52.631,13.5021,60,Berlin-Buch Berlin,Frei,89,400,52.631,13.5021,60,Berlin-Buch Berlin,Frei,3,DEBKGNU2000000D8,2023/10/04 00:00:00,4,1,DE3,Berlin
160,2856,51.9173,13.0878,92,Langenlipsdorf Brandenburg,Frei,595,2856,51.9173,13.0878,92,Langenlipsdorf Brandenburg,Frei,4,DEBKGNU2000000D9,2025/01/16 00:00:00,4,1,DE4,Brandenburg
161,3083,51.9267,13.8797,57,Lübben-Blumenfelde Brandenburg,Frei,647,3083,51.9267,13.8797,57,Lübben-Blumenfelde Brandenburg,Frei,4,DEBKGNU2000000D9,2025/01/16 00:00:00,4,1,DE4,Brandenburg
162,3082,51.9333,13.8833,56,Lübben Brandenburg,Frei,646,3082,51.9333,13.8833,56,Lübben Brandenburg,Frei,4,DEBKGNU2000000D9,2025/01/16 00:00:00,4,1,DE4,Brandenburg
163,2475,51.9999,13.101,75,Jüterbog Brandenburg,Frei,516,2475,51.9999,13.101,75,Jüterbog Brandenburg,Frei,4,DEBKGNU2000000D9,2025/01/16 00:00:00,4,1,DE4,Brandenburg
164,2436,52.0547,13.2344,55,Jänickendorf,Brandenburg,508,2436,52.0547,13.2344,55,Jänickendorf,Brandenburg,4,DEBKGNU2000000D9,2025/01/16 00:00:00,4,1,DE4,Brandenburg
165,303,52.0613,13.4997,55,Baruth Brandenburg,Frei,66,303,52.0613,13.4997,55,Baruth Brandenburg,Frei,4,DEBKGNU2000000D9,2025/01/16 00:00:00,4,1,DE4,Brandenburg
166,3015,52.2085,14.118,98,Lindenberg Brandenburg,Frei,630,3015,52.2085,14.118,98,Lindenberg Brandenburg,Frei,4,DEBKGNU2000000D9,2025/01/16 00:00:00,4,1,DE4,Brandenburg
167,3987,52.3812,13.0622,81,Potsdam Brandenburg,Frei,826,3987,52.3812,13.0622,81,Potsdam Brandenburg,Frei,4,DEBKGNU2000000D9,2025/01/16 00:00:00,4,1,DE4,Brandenburg
168,3988,52.3822,13.0622,81,Potsdam (Säkularstation) Brandenburg,Frei,827,3988,52.3822,13.0622,81,Potsdam (Säkularstation) Brandenburg,Frei,4,DEBKGNU2000000D9,2025/01/16 00:00:00,4,1,DE4,Brandenburg
169,650,52.4136,12.5503,35,Brandenburg-Görden Brandenburg,Frei,146,650,52.4136,12.5503,35,Brandenburg-Görden Brandenburg,Frei,4,DEBKGNU2000000D9,2025/01/16 00:00:00,4,1,DE4,Brandenburg
170,427,52.3807,13.5306,46,Berlin Brandenburg Brandenburg,Frei,102,427,52.3807,13.5306,46,Berlin Brandenburg Brandenburg,Frei,4,DEBKGNU2000000D9,2025/01/16 00:00:00,4,1,DE4,Brandenburg
171,1426,52.3397,14.508,67,Frankfurt/Oder Brandenburg,Frei,328,1426,52.3397,14.508,67,Frankfurt/Oder Brandenburg,Frei,4,DEBKGNU2000000D9,2025/01/16 00:00:00,4,1,DE4,Brandenburg
172,3376,52.5176,14.1232,64,Müncheberg Brandenburg,Frei,714,3376,52.5176,14.1232,64,Müncheberg Brandenburg,Frei,4,DEBKGNU2000000D9,2025/01/16 00:00:00,4,1,DE4,Brandenburg
173,3158,52.5468,14.5453,12,Manschnow Brandenburg,Frei,665,3158,52.5468,14.5453,12,Manschnow Brandenburg,Frei,4,DEBKGNU2000000D9,2025/01/16 00:00:00,4,1,DE4,Brandenburg
174,3552,52.9037,12.8071,38,Neuruppin Brandenburg,Frei,745,3552,52.9037,12.8071,38,Neuruppin Brandenburg,Frei,4,DEBKGNU2000000D9,2025/01/16 00:00:00,4,1,DE4,Brandenburg
175,2794,52.9362,12.4093,40,Kyritz Brandenburg,Frei,586,2794,52.9362,12.4093,40,Kyritz Brandenburg,Frei,4,DEBKGNU2000000D9,2025/01/16 00:00:00,4,1,DE4,Brandenburg
176,96,52.9437,12.8518,50,Neuruppin-Alt Ruppin Brandenburg,Frei,15,96,52.9437,12.8518,50,Neuruppin-Alt Ruppin Brandenburg,Frei,4,DEBKGNU2000000D9,2025/01/16 00:00:00,4,1,DE4,Brandenburg
177,164,53.0316,13.9908,54,Angermünde Brandenburg,Frei,30,164,53.0316,13.9908,54,Angermünde Brandenburg,Frei,4,DEBKGNU2000000D9,2025/01/16 00:00:00,4,1,DE4,Brandenburg
178,1552,53.2066,14.3817,13,Gartz/Oder Brandenburg,Frei,352,1552,53.2066,14.3817,13,Gartz/Oder Brandenburg,Frei,4,DEBKGNU2000000D9,2025/01/16 00:00:00,4,1,DE4,Brandenburg
179,1869,53.3154,13.9339,56,Grünow Brandenburg,Frei,400,1869,53.3154,13.9339,56,Grünow Brandenburg,Frei,4,DEBKGNU2000000D9,2025/01/16 00:00:00,4,1,DE4,Brandenburg
180,5463,52.0654,14.6898,58,Wellmitz Brandenburg,Frei,1103,5463,52.0654,14.6898,58,Wellmitz Brandenburg,Frei,4,DEBKGNU2000000D9,2025/01/16 00:00:00,4,1,DE4,Brandenburg
181,5546,52.1206,12.4586,187,Wiesenburg Brandenburg,Frei,1116,5546,52.1206,12.4586,187,Wiesenburg Brandenburg,Frei,4,DEBKGNU2000000D9,2025/01/16 00:00:00,4,1,DE4,Brandenburg
182,5643,53.1864,12.4949,68,Wittstock-Rote Mühle Brandenburg,Frei,1131,5643,53.1864,12.4949,68,Wittstock-Rote Mühle Brandenburg,Frei,4,DEBKGNU2000000D9,2025/01/16 00:00:00,4,1,DE4,Brandenburg
183,5745,52.9664,13.3268,51,Zehdenick Brandenburg,Frei,1151,5745,52.9664,13.3268,51,Zehdenick Brandenburg,Frei,4,DEBKGNU2000000D9,2025/01/16 00:00:00,4,1,DE4,Brandenburg
184,5825,52.6198,12.7867,41,Berge Brandenburg,Frei,1164,5825,52.6198,12.7867,41,Berge Brandenburg,Frei,4,DEBKGNU2000000D9,2025/01/16 00:00:00,4,1,DE4,Brandenburg
185,6170,52.0192,14.7254,39,Coschen Brandenburg,Frei,1206,6170,52.0192,14.7254,39,Coschen Brandenburg,Frei,4,DEBKGNU2000000D9,2025/01/16 00:00:00,4,1,DE4,Brandenburg
186,7244,53.1424,13.0319,62,Neuglobsow (HM) Brandenburg,Frei,1257,7244,53.1424,13.0319,62,Neuglobsow (HM) Brandenburg,Frei,4,DEBKGNU2000000D9,2025/01/16 00:00:00,4,1,DE4,Brandenburg
187,7389,52.7461,13.8427,83,Heckelberg Brandenburg,Frei,1277,7389,52.7461,13.8427,83,Heckelberg Brandenburg,Frei,4,DEBKGNU2000000D9,2025/01/16 00:00:00,4,1,DE4,Brandenburg
188,2315,51.7657,13.1666,78,Holzdorf-Bernsdorf Brandenburg,Frei,482,2315,51.7657,13.1666,78,Holzdorf-Bernsdorf Brandenburg,Frei,4,DEBKGNU2000000D9,2025/01/16 00:00:00,4,1,DE4,Brandenburg
189,1001,51.6451,13.5747,97,Doberlug-Kirchhain Brandenburg,Frei,226,1001,51.6451,13.5747,97,Doberlug-Kirchhain Brandenburg,Frei,4,DEBKGNU2000000D9,2025/01/16 00:00:00,4,1,DE4,Brandenburg
190,2627,51.5554,13.8845,128,Schipkau-Klettwitz Brandenburg,Frei,550,2627,51.5554,13.8845,128,Schipkau-Klettwitz Brandenburg,Frei,4,DEBKGNU2000000D9,2025/01/16 00:00:00,4,1,DE4,Brandenburg
191,880,51.7759,14.3168,69,Cottbus Brandenburg,Frei,199,880,51.7759,14.3168,69,Cottbus Brandenburg,Frei,4,DEBKGNU2000000D9,2025/01/16 00:00:00,4,1,DE4,Brandenburg
192,2951,53.1007,11.4864,20,Lenzen/Elbe Brandenburg,Frei,619,2951,53.1007,11.4864,20,Lenzen/Elbe Brandenburg,Frei,4,DEBKGNU2000000D9,2025/01/16 00:00:00,4,1,DE4,Brandenburg
193,5431,53.0333,11.8,24,Weisen bei Wittenberge Sachsen-Anhalt,Frei,1095,5431,53.0333,11.8,24,Weisen bei Wittenberge Sachsen-Anhalt,Frei,4,DEBKGNU2000000D9,2025/01/16 00:00:00,4,1,DE4,Brandenburg
194,701,53.5332,8.5761,7,Bremerhaven Bremen,Frei,157,701,53.5332,8.5761,7,Bremerhaven Bremen,Frei,5,DEBKGNU2000000DA,2025/01/04 00:00:00,4,1,DE5,Bremen
195,691,53.0451,8.7981,4,Bremen Bremen,Frei,155,691,53.0451,8.7981,4,Bremen Bremen,Frei,5,DEBKGNU2000000DA,2025/01/04 00:00:00,4,1,DE5,Bremen
196,1981,53.4776,9.8957,4,Hamburg-Neuwiedenthal Hamburg,Frei,420,1981,53.4776,9.8957,4,Hamburg-Neuwiedenthal Hamburg,Frei,6,DEBKGNU2000000DB,2025/01/04 00:00:00,4,1,DE6,Hamburg
197,1987,53.5467,9.9662,47,Hamburg-Sankt Pauli Hamburg,Frei,422,1987,53.5467,9.9662,47,Hamburg-Sankt Pauli Hamburg,Frei,6,DEBKGNU2000000DB,2025/01/04 00:00:00,4,1,DE6,Hamburg
198,1975,53.6332,9.9881,11,Hamburg-Fuhlsbüttel Hamburg,Frei,418,1975,53.6332,9.9881,11,Hamburg-Fuhlsbüttel Hamburg,Frei,6,DEBKGNU2000000DB,2025/01/04 00:00:00,4,1,DE6,Hamburg
199,1990,53.5853,10.1293,18,Hamburg-Wandsbek Hamburg,Frei,423,1990,53.5853,10.1293,18,Hamburg-Wandsbek Hamburg,Frei,6,DEBKGNU2000000DB,2025/01/04 00:00:00,4,1,DE6,Hamburg
200,1580,49.9859,7.9548,111,Geisenheim Hessen,Frei,355,1580,49.9859,7.9548,111,Geisenheim Hessen,Frei,7,DEBKGNU2000000DC,2024/04/24 00:00:00,4,1,DE7,Hessen
201,3004,50.4116,8.0605,185,Limburg/Lahn-Offheim Hessen,Frei,628,3004,50.4116,8.0605,185,Limburg/Lahn-Offheim Hessen,Frei,7,DEBKGNU2000000DC,2024/04/24 00:00:00,4,1,DE7,Hessen
202,979,50.7364,8.2672,314,Dillenburg Hessen,Frei,219,979,50.7364,8.2672,314,Dillenburg Hessen,Frei,7,DEBKGNU2000000DC,2024/04/24 00:00:00,4,1,DE7,Hessen
203,6344,50.394,8.1423,168,Runkel-Ennerich Hessen,Frei,1248,6344,50.394,8.1423,168,Runkel-Ennerich Hessen,Frei,7,DEBKGNU2000000DC,2024/04/24 00:00:00,4,1,DE7,Hessen
204,2601,50.2218,8.4469,822,Kleiner Feldberg/Taunus Hessen,Frei,546,2601,50.2218,8.4469,822,Kleiner Feldberg/Taunus Hessen,Frei,7,DEBKGNU2000000DC,2024/04/24 00:00:00,4,1,DE7,Hessen
205,1639,50.6017,8.6439,203,Gießen/Wettenberg Hessen,Frei,370,1639,50.6017,8.6439,203,Gießen/Wettenberg Hessen,Frei,7,DEBKGNU2000000DC,2024/04/24 00:00:00,4,1,DE7,Hessen
206,3164,50.8492,8.7745,187,"Cölbe, Kr. Marburg-Biedenkopf Hessen",Frei,667,3164,50.8492,8.7745,187,"Cölbe, Kr. Marburg-Biedenkopf Hessen",Frei,7,DEBKGNU2000000DC,2024/04/24 00:00:00,4,1,DE7,Hessen
207,3300,50.2285,9.1064,155,Mittel-Gründau Hessen,Frei,700,3300,50.2285,9.1064,155,Mittel-Gründau Hessen,Frei,7,DEBKGNU2000000DC,2024/04/24 00:00:00,4,1,DE7,Hessen
208,1863,50.2667,9.1854,258,Gründau-Breitenborn Hessen,Frei,399,1863,50.2667,9.1854,258,Gründau-Breitenborn Hessen,Frei,7,DEBKGNU2000000DC,2024/04/24 00:00:00,4,1,DE7,Hessen
209,1504,51.119,9.2799,172,Fritzlar/Eder Hessen,Frei,344,1504,51.119,9.2799,172,Fritzlar/Eder Hessen,Frei,7,DEBKGNU2000000DC,2024/04/24 00:00:00,4,1,DE7,Hessen
210,91,50.7446,9.345,304,Alsfeld-Eifa Hessen,Frei,13,91,50.7446,9.345,304,Alsfeld-Eifa Hessen,Frei,7,DEBKGNU2000000DC,2024/04/24 00:00:00,4,1,DE7,Hessen
211,2532,51.2963,9.4424,231,Kassel Hessen,Frei,532,2532,51.2963,9.4424,231,Kassel Hessen,Frei,7,DEBKGNU2000000DC,2024/04/24 00:00:00,4,1,DE7,Hessen
212,2533,51.334,9.4506,198,Kassel-Harleshausen Hessen,Frei,533,2533,51.334,9.4506,198,Kassel-Harleshausen Hessen,Frei,7,DEBKGNU2000000DC,2024/04/24 00:00:00,4,1,DE7,Hessen
213,1526,50.5668,9.6532,245,Fulda-Horas Hessen,Frei,349,1526,50.5668,9.6532,245,Fulda-Horas Hessen,Frei,7,DEBKGNU2000000DC,2024/04/24 00:00:00,4,1,DE7,Hessen
214,2171,50.852,9.7377,272,"Hersfeld, Bad Hessen",Frei,456,2171,50.852,9.7377,272,"Hersfeld, Bad Hessen",Frei,7,DEBKGNU2000000DC,2024/04/24 00:00:00,4,1,DE7,Hessen
215,1297,51.2041,10.0138,156,Eschwege Hessen,Frei,296,1297,51.2041,10.0138,156,Eschwege Hessen,Frei,7,DEBKGNU2000000DC,2024/04/24 00:00:00,4,1,DE7,Hessen
216,5277,50.8119,9.128,349,Wahlen Hessen,Frei,1062,5277,50.8119,9.128,349,Wahlen Hessen,Frei,7,DEBKGNU2000000DC,2024/04/24 00:00:00,4,1,DE7,Hessen
217,5279,51.6194,9.5749,167,Wesertal-Lippoldsberg Hessen,Frei,1063,5279,51.6194,9.5749,167,Wesertal-Lippoldsberg Hessen,Frei,7,DEBKGNU2000000DC,2024/04/24 00:00:00,4,1,DE7,Hessen
218,5371,50.4973,9.9427,920,Wasserkuppe Hessen,Frei,1083,5371,50.4973,9.9427,920,Wasserkuppe Hessen,Frei,7,DEBKGNU2000000DC,2024/04/24 00:00:00,4,1,DE7,Hessen
219,5582,51.294,8.6026,580,Willingen/Upland Hessen,Frei,1123,5582,51.294,8.6026,580,Willingen/Upland Hessen,Frei,7,DEBKGNU2000000DC,2024/04/24 00:00:00,4,1,DE7,Hessen
220,5644,51.3493,9.8438,133,Witzenhausen Hessen,Frei,1132,5644,51.3493,9.8438,133,Witzenhausen Hessen,Frei,7,DEBKGNU2000000DC,2024/04/24 00:00:00,4,1,DE7,Hessen
221,7396,50.5084,9.2246,740,Hoherodskopf/Vogelsberg Hessen,Frei,1283,7396,50.5084,9.2246,740,Hoherodskopf/Vogelsberg Hessen,Frei,7,DEBKGNU2000000DC,2024/04/24 00:00:00,4,1,DE7,Hessen
222,7410,50.7513,9.0224,350,Neu-Ulrichstein Hessen,Frei,1285,7410,50.7513,9.0224,350,Neu-Ulrichstein Hessen,Frei,7,DEBKGNU2000000DC,2024/04/24 00:00:00,4,1,DE7,Hessen
223,15207,51.2835,9.359,317,Schauenburg-Elgershausen Hessen,Frei,1331,15207,51.2835,9.359,317,Schauenburg-Elgershausen Hessen,Frei,7,DEBKGNU2000000DC,2024/04/24 00:00:00,4,1,DE7,Hessen
224,3287,49.7177,9.0997,453,Michelstadt-Vielbrunn Hessen,Frei,697,3287,49.7177,9.0997,453,Michelstadt-Vielbrunn Hessen,Frei,7,DEBKGNU2000000DC,2024/04/24 00:00:00,4,1,DE7,Hessen
225,920,49.8564,8.5929,108,Darmstadt (US-Air-Base) Hessen,Frei,208,920,49.8564,8.5929,108,Darmstadt (US-Air-Base) Hessen,Frei,7,DEBKGNU2000000DC,2024/04/24 00:00:00,4,1,DE7,Hessen
226,1420,50.0259,8.5213,100,Frankfurt/Main Hessen,Frei,322,1420,50.0259,8.5213,100,Frankfurt/Main Hessen,Frei,7,DEBKGNU2000000DC,2024/04/24 00:00:00,4,1,DE7,Hessen
227,1425,50.1214,8.6604,103,Frankfurt/Main (Feldbergstr.) Hessen,Frei,327,1425,50.1214,8.6604,103,Frankfurt/Main (Feldbergstr.) Hessen,Frei,7,DEBKGNU2000000DC,2024/04/24 00:00:00,4,1,DE7,Hessen
228,1421,50.1474,8.6746,125,Frankfurt/Main (Stadt) Hessen,Frei,323,1421,50.1474,8.6746,125,Frankfurt/Main (Stadt) Hessen,Frei,7,DEBKGNU2000000DC,2024/04/24 00:00:00,4,1,DE7,Hessen
229,7341,50.09,8.7862,119,Offenbach-Wetterpark Hessen,Frei,1266,7341,50.09,8.7862,119,Offenbach-Wetterpark Hessen,Frei,7,DEBKGNU2000000DC,2024/04/24 00:00:00,4,1,DE7,Hessen
230,3196,53.3221,11.9324,81,Marnitz Mecklenburg-Vorpommern,Frei,672,3196,53.3221,11.9324,81,Marnitz Mecklenburg-Vorpommern,Frei,8,DEBKGNU2000000DD,2025/01/04 00:00:00,4,1,DE8,Mecklenburg-Vorpommern
231,3577,53.3585,13.0502,64,Neustrelitz Mecklenburg-Vorpommern,Frei,750,3577,53.3585,13.0502,64,Neustrelitz Mecklenburg-Vorpommern,Frei,8,DEBKGNU2000000DD,2025/01/04 00:00:00,4,1,DE8,Mecklenburg-Vorpommern
232,6109,53.3837,14.3728,51,Grambow-Schwennenz Mecklenburg-Vorpommern,Frei,1197,6109,53.3837,14.3728,51,Grambow-Schwennenz Mecklenburg-Vorpommern,Frei,8,DEBKGNU2000000DD,2025/01/04 00:00:00,4,1,DE8,Mecklenburg-Vorpommern
233,7351,53.3176,13.4175,115,Feldberg/Mecklenburg Mecklenburg-Vorpommern,Frei,1269,7351,53.3176,13.4175,115,Feldberg/Mecklenburg Mecklenburg-Vorpommern,Frei,8,DEBKGNU2000000DD,2025/01/04 00:00:00,4,1,DE8,Mecklenburg-Vorpommern
234,596,54.0027,11.1908,15,Boltenhagen Mecklenburg-Vorpommern,Frei,131,596,54.0027,11.1908,15,Boltenhagen Mecklenburg-Vorpommern,Frei,8,DEBKGNU2000000DD,2025/01/04 00:00:00,4,1,DE8,Mecklenburg-Vorpommern
235,591,53.3911,10.6878,45,Boizenburg Mecklenburg-Vorpommern,Frei,128,591,53.3911,10.6878,45,Boizenburg Mecklenburg-Vorpommern,Frei,8,DEBKGNU2000000DD,2025/01/04 00:00:00,4,1,DE8,Mecklenburg-Vorpommern
236,4625,53.6424,11.3871,59,Schwerin Mecklenburg-Vorpommern,Frei,953,4625,53.6424,11.3871,59,Schwerin Mecklenburg-Vorpommern,Frei,8,DEBKGNU2000000DD,2025/01/04 00:00:00,4,1,DE8,Mecklenburg-Vorpommern
237,3478,53.5468,13.1914,81,Neubrandenburg Mecklenburg-Vorpommern,Frei,727,3478,53.5468,13.1914,81,Neubrandenburg Mecklenburg-Vorpommern,Frei,8,DEBKGNU2000000DD,2025/01/04 00:00:00,4,1,DE8,Mecklenburg-Vorpommern
238,1694,53.6058,12.1034,59,Goldberg Mecklenburg-Vorpommern,Frei,378,1694,53.6058,12.1034,59,Goldberg Mecklenburg-Vorpommern,Frei,8,DEBKGNU2000000DD,2025/01/04 00:00:00,4,1,DE8,Mecklenburg-Vorpommern
239,129,53.6893,13.242,30,Altentreptow Mecklenburg-Vorpommern,Frei,22,129,53.6893,13.242,30,Altentreptow Mecklenburg-Vorpommern,Frei,8,DEBKGNU2000000DD,2025/01/04 00:00:00,4,1,DE8,Mecklenburg-Vorpommern
240,5009,53.761,12.5574,37,Teterow Mecklenburg-Vorpommern,Frei,1012,5009,53.761,12.5574,37,Teterow Mecklenburg-Vorpommern,Frei,8,DEBKGNU2000000DD,2025/01/04 00:00:00,4,1,DE8,Mecklenburg-Vorpommern
241,167,53.8409,13.6854,11,Anklam Mecklenburg-Vorpommern,Frei,31,167,53.8409,13.6854,11,Anklam Mecklenburg-Vorpommern,Frei,8,DEBKGNU2000000DD,2025/01/04 00:00:00,4,1,DE8,Mecklenburg-Vorpommern
242,288,53.8409,13.7549,3,Bargischow-Gnevezin Mecklenburg-Vorpommern,Frei,63,288,53.8409,13.7549,3,Bargischow-Gnevezin Mecklenburg-Vorpommern,Frei,8,DEBKGNU2000000DD,2025/01/04 00:00:00,4,1,DE8,Mecklenburg-Vorpommern
243,2796,53.9156,12.279,40,Laage-Kronskamp Mecklenburg-Vorpommern,Frei,587,2796,53.9156,12.279,40,Laage-Kronskamp Mecklenburg-Vorpommern,Frei,8,DEBKGNU2000000DD,2025/01/04 00:00:00,4,1,DE8,Mecklenburg-Vorpommern
244,1803,54.0714,12.3238,35,Sanitz-Groß Lüsewitz Mecklenburg-Vorpommern,Frei,390,1803,54.0714,12.3238,35,Sanitz-Groß Lüsewitz Mecklenburg-Vorpommern,Frei,8,DEBKGNU2000000DD,2025/01/04 00:00:00,4,1,DE8,Mecklenburg-Vorpommern
245,5097,54.0654,12.7655,10,Tribsees Mecklenburg-Vorpommern,Frei,1032,5097,54.0654,12.7655,10,Tribsees Mecklenburg-Vorpommern,Frei,8,DEBKGNU2000000DD,2025/01/04 00:00:00,4,1,DE8,Mecklenburg-Vorpommern
246,1757,54.0967,13.4056,2,Greifswald Mecklenburg-Vorpommern,Frei,384,1757,54.0967,13.4056,2,Greifswald Mecklenburg-Vorpommern,Frei,8,DEBKGNU2000000DD,2025/01/04 00:00:00,4,1,DE8,Mecklenburg-Vorpommern
247,1758,54.1,13.45,2,Greifswald-Wieck Mecklenburg-Vorpommern,Frei,385,1758,54.1,13.45,2,Greifswald-Wieck Mecklenburg-Vorpommern,Frei,8,DEBKGNU2000000DD,2025/01/04 00:00:00,4,1,DE8,Mecklenburg-Vorpommern
248,4271,54.1803,12.0808,5,Rostock-Warnemünde Mecklenburg-Vorpommern,Frei,866,4271,54.1803,12.0808,5,Rostock-Warnemünde Mecklenburg-Vorpommern,Frei,8,DEBKGNU2000000DD,2025/01/04 00:00:00,4,1,DE8,Mecklenburg-Vorpommern
249,1759,54.2437,13.9104,11,Greifswalder Oie Mecklenburg-Vorpommern,Frei,386,1759,54.2437,13.9104,11,Greifswalder Oie Mecklenburg-Vorpommern,Frei,8,DEBKGNU2000000DD,2025/01/04 00:00:00,4,1,DE8,Mecklenburg-Vorpommern
250,298,54.3405,12.7108,3,Barth Mecklenburg-Vorpommern,Frei,65,298,54.3405,12.7108,3,Barth Mecklenburg-Vorpommern,Frei,8,DEBKGNU2000000DD,2025/01/04 00:00:00,4,1,DE8,Mecklenburg-Vorpommern
251,4024,54.3643,13.4771,40,Putbus Mecklenburg-Vorpommern,Frei,830,4024,54.3643,13.4771,40,Putbus Mecklenburg-Vorpommern,Frei,8,DEBKGNU2000000DD,2025/01/04 00:00:00,4,1,DE8,Mecklenburg-Vorpommern
252,5088,54.5337,13.246,3,Trent Mecklenburg-Vorpommern,Frei,1029,5088,54.5337,13.246,3,Trent Mecklenburg-Vorpommern,Frei,8,DEBKGNU2000000DD,2025/01/04 00:00:00,4,1,DE8,Mecklenburg-Vorpommern
253,2201,54.575,13.1044,1,Hiddensee-Vitte Mecklenburg-Vorpommern,Frei,459,2201,54.575,13.1044,1,Hiddensee-Vitte Mecklenburg-Vorpommern,Frei,8,DEBKGNU2000000DD,2025/01/04 00:00:00,4,1,DE8,Mecklenburg-Vorpommern
254,183,54.6791,13.4344,42,Arkona Mecklenburg-Vorpommern,Frei,39,183,54.6791,13.4344,42,Arkona Mecklenburg-Vorpommern,Frei,8,DEBKGNU2000000DD,2025/01/04 00:00:00,4,1,DE8,Mecklenburg-Vorpommern
255,5109,53.5998,13.3039,68,Trollenhagen Mecklenburg-Vorpommern,Frei,1037,5109,53.5998,13.3039,68,Trollenhagen Mecklenburg-Vorpommern,Frei,8,DEBKGNU2000000DD,2025/01/04 00:00:00,4,1,DE8,Mecklenburg-Vorpommern
256,5142,53.7445,14.0698,1,Ueckermünde Mecklenburg-Vorpommern,Frei,1044,5142,53.7445,14.0698,1,Ueckermünde Mecklenburg-Vorpommern,Frei,8,DEBKGNU2000000DD,2025/01/04 00:00:00,4,1,DE8,Mecklenburg-Vorpommern
257,5349,53.5196,12.6654,73,Waren (Müritz) Mecklenburg-Vorpommern,Frei,1080,5349,53.5196,12.6654,73,Waren (Müritz) Mecklenburg-Vorpommern,Frei,8,DEBKGNU2000000DD,2025/01/04 00:00:00,4,1,DE8,Mecklenburg-Vorpommern
258,5663,53.4618,13.6099,118,Woldegk Mecklenburg-Vorpommern,Frei,1134,5663,53.4618,13.6099,118,Woldegk Mecklenburg-Vorpommern,Frei,8,DEBKGNU2000000DD,2025/01/04 00:00:00,4,1,DE8,Mecklenburg-Vorpommern
259,6110,53.8545,13.4949,11,Medow-Wussentin Mecklenburg-Vorpommern,Frei,1198,6110,53.8545,13.4949,11,Medow-Wussentin Mecklenburg-Vorpommern,Frei,8,DEBKGNU2000000DD,2025/01/04 00:00:00,4,1,DE8,Mecklenburg-Vorpommern
260,6199,54.2484,13.0419,16,Steinhagen-Negast Mecklenburg-Vorpommern,Frei,1216,6199,54.2484,13.0419,16,Steinhagen-Negast Mecklenburg-Vorpommern,Frei,8,DEBKGNU2000000DD,2025/01/04 00:00:00,4,1,DE8,Mecklenburg-Vorpommern
261,19207,53.8178,12.0645,16,Gülzow-Prüzen Mecklenburg-Vorpommern,Frei,1353,19207,53.8178,12.0645,16,Gülzow-Prüzen Mecklenburg-Vorpommern,Frei,8,DEBKGNU2000000DD,2025/01/04 00:00:00,4,1,DE8,Mecklenburg-Vorpommern
262,3640,52.4123,7.064,25,Nordhorn-Blanke Niedersachsen,Frei,762,3640,52.4123,7.064,25,Nordhorn-Blanke Niedersachsen,Frei,9,DEBKGNU2000000DE,2025/01/04 00:00:00,4,1,DE9,Niedersachsen
263,3631,53.7123,7.1519,12,Norderney Niedersachsen,Frei,760,3631,53.7123,7.1519,12,Norderney Niedersachsen,Frei,9,DEBKGNU2000000DE,2025/01/04 00:00:00,4,1,DE9,Niedersachsen
264,1219,53.3449,7.1909,5,Emden-Nesserland Niedersachsen,Frei,274,1219,53.3449,7.1909,5,Emden-Nesserland Niedersachsen,Frei,9,DEBKGNU2000000DE,2025/01/04 00:00:00,4,1,DE9,Niedersachsen
265,3023,52.5181,7.3081,22,Lingen Niedersachsen,Frei,634,3023,52.5181,7.3081,22,Lingen Niedersachsen,Frei,9,DEBKGNU2000000DE,2025/01/04 00:00:00,4,1,DE9,Niedersachsen
266,3254,52.7155,7.3176,19,Meppen Niedersachsen,Frei,688,3254,52.7155,7.3176,19,Meppen Niedersachsen,Frei,9,DEBKGNU2000000DE,2025/01/04 00:00:00,4,1,DE9,Niedersachsen
267,1299,53.6476,7.6085,3,Esens Niedersachsen,Frei,297,1299,53.6476,7.6085,3,Esens Niedersachsen,Frei,9,DEBKGNU2000000DE,2025/01/04 00:00:00,4,1,DE9,Niedersachsen
268,2456,53.5322,7.8806,7,Jever Niedersachsen,Frei,512,2456,53.5322,7.8806,7,Jever Niedersachsen,Frei,9,DEBKGNU2000000DE,2025/01/04 00:00:00,4,1,DE9,Niedersachsen
269,78,52.4853,7.9125,64,Alfhausen Niedersachsen,Frei,11,78,52.4853,7.9125,64,Alfhausen Niedersachsen,Frei,9,DEBKGNU2000000DE,2025/01/04 00:00:00,4,1,DE9,Niedersachsen
270,1503,53.0643,7.902,6,Friesoythe-Altenoythe Niedersachsen,Frei,343,1503,53.0643,7.902,6,Friesoythe-Altenoythe Niedersachsen,Frei,9,DEBKGNU2000000DE,2025/01/04 00:00:00,4,1,DE9,Niedersachsen
271,3815,52.2553,8.0534,95,Osnabrück Niedersachsen,Frei,797,3815,52.2553,8.0534,95,Osnabrück Niedersachsen,Frei,9,DEBKGNU2000000DE,2025/01/04 00:00:00,4,1,DE9,Niedersachsen
272,342,52.317,8.1694,103,Belm Niedersachsen,Frei,75,342,52.317,8.1694,103,Belm Niedersachsen,Frei,9,DEBKGNU2000000DE,2025/01/04 00:00:00,4,1,DE9,Niedersachsen
273,3791,53.1763,8.1824,11,Oldenburg Niedersachsen,Frei,795,3791,53.1763,8.1824,11,Oldenburg Niedersachsen,Frei,9,DEBKGNU2000000DE,2025/01/04 00:00:00,4,1,DE9,Niedersachsen
274,44,52.9336,8.237,44,Großenkneten Niedersachsen,Frei,4,44,52.9336,8.237,44,Großenkneten Niedersachsen,Frei,9,DEBKGNU2000000DE,2025/01/04 00:00:00,4,1,DE9,Niedersachsen
275,3790,53.1018,8.2516,5,Oldenburg (A) Niedersachsen,Frei,794,3790,53.1018,8.2516,5,Oldenburg (A) Niedersachsen,Frei,9,DEBKGNU2000000DE,2025/01/04 00:00:00,4,1,DE9,Niedersachsen
276,963,52.5881,8.3424,38,Diepholz Niedersachsen,Frei,215,963,52.5881,8.3424,38,Diepholz Niedersachsen,Frei,9,DEBKGNU2000000DE,2025/01/04 00:00:00,4,1,DE9,Niedersachsen
277,643,53.296,8.4529,0,Brake-Süderfeld Niedersachsen,Frei,143,643,53.296,8.4529,0,Brake-Süderfeld Niedersachsen,Frei,9,DEBKGNU2000000DE,2025/01/04 00:00:00,4,1,DE9,Niedersachsen
278,642,53.3518,8.4969,4,Brake Niedersachsen,Frei,142,642,53.3518,8.4969,4,Brake Niedersachsen,Frei,9,DEBKGNU2000000DE,2025/01/04 00:00:00,4,1,DE9,Niedersachsen
279,769,52.2817,9.089,68,Bückeburg Niedersachsen,Frei,176,769,52.2817,9.089,68,Bückeburg Niedersachsen,Frei,9,DEBKGNU2000000DE,2025/01/04 00:00:00,4,1,DE9,Niedersachsen
280,704,53.4451,9.139,11,Bremervörde Niedersachsen,Frei,160,704,53.4451,9.139,11,Bremervörde Niedersachsen,Frei,9,DEBKGNU2000000DE,2025/01/04 00:00:00,4,1,DE9,Niedersachsen
281,703,53.4779,9.1553,5,Bremervörde (A) Niedersachsen,Frei,159,703,53.4779,9.1553,5,Bremervörde (A) Niedersachsen,Frei,9,DEBKGNU2000000DE,2025/01/04 00:00:00,4,1,DE9,Niedersachsen
282,705,53.5312,9.1664,5,Bremervörde-Niederochtenhausen Niedersachsen,Frei,161,705,53.5312,9.1664,5,Bremervörde-Niederochtenhausen Niedersachsen,Frei,9,DEBKGNU2000000DE,2025/01/04 00:00:00,4,1,DE9,Niedersachsen
283,3612,52.6711,9.2229,25,Nienburg Niedersachsen,Frei,757,3612,52.6711,9.2229,25,Nienburg Niedersachsen,Frei,9,DEBKGNU2000000DE,2025/01/04 00:00:00,4,1,DE9,Niedersachsen
284,4275,53.1289,9.3398,32,Rotenburg (Wümme) Niedersachsen,Frei,867,4275,53.1289,9.3398,32,Rotenburg (Wümme) Niedersachsen,Frei,9,DEBKGNU2000000DE,2025/01/04 00:00:00,4,1,DE9,Niedersachsen
285,5640,53.5444,7.6625,7,Wittmundhafen Niedersachsen,Frei,1129,5640,53.5444,7.6625,7,Wittmundhafen Niedersachsen,Frei,9,DEBKGNU2000000DE,2025/01/04 00:00:00,4,1,DE9,Niedersachsen
286,5715,52.4626,9.4245,49,Wunstorf Niedersachsen,Frei,1145,5715,52.4626,9.4245,49,Wunstorf Niedersachsen,Frei,9,DEBKGNU2000000DE,2025/01/04 00:00:00,4,1,DE9,Niedersachsen
287,5839,53.3881,7.2287,0,Emden Niedersachsen,Frei,1166,5839,53.3881,7.2287,0,Emden Niedersachsen,Frei,9,DEBKGNU2000000DE,2025/01/04 00:00:00,4,1,DE9,Niedersachsen
288,6159,52.9542,7.3197,8,Dörpen Niedersachsen,Frei,1204,6159,52.9542,7.3197,8,Dörpen Niedersachsen,Frei,9,DEBKGNU2000000DE,2025/01/04 00:00:00,4,1,DE9,Niedersachsen
289,13675,52.0818,9.4077,75,Hameln-Hastenbeck Niedersachsen,Frei,1299,13675,52.0818,9.4077,75,Hameln-Hastenbeck Niedersachsen,Frei,9,DEBKGNU2000000DE,2025/01/04 00:00:00,4,1,DE9,Niedersachsen
290,15813,52.5126,7.4131,40,Lingen-Baccum Niedersachsen,Frei,1339,15813,52.5126,7.4131,40,Lingen-Baccum Niedersachsen,Frei,9,DEBKGNU2000000DE,2025/01/04 00:00:00,4,1,DE9,Niedersachsen
291,3348,51.7209,9.8351,241,Moringen-Lutterbeck Niedersachsen,Frei,708,3348,51.7209,9.8351,241,Moringen-Lutterbeck Niedersachsen,Frei,9,DEBKGNU2000000DE,2025/01/04 00:00:00,4,1,DE9,Niedersachsen
292,1172,51.8189,9.8871,123,Einbeck Niedersachsen,Frei,265,1172,51.8189,9.8871,123,Einbeck Niedersachsen,Frei,9,DEBKGNU2000000DE,2025/01/04 00:00:00,4,1,DE9,Niedersachsen
293,1691,51.5002,9.9507,167,Göttingen Niedersachsen,Frei,377,1691,51.5002,9.9507,167,Göttingen Niedersachsen,Frei,9,DEBKGNU2000000DE,2025/01/04 00:00:00,4,1,DE9,Niedersachsen
294,4651,51.904,10.1885,189,Seesen Niedersachsen,Frei,957,4651,51.904,10.1885,189,Seesen Niedersachsen,Frei,9,DEBKGNU2000000DE,2025/01/04 00:00:00,4,1,DE9,Niedersachsen
295,2174,51.6255,10.3695,236,Herzberg Niedersachsen,Frei,458,2174,51.6255,10.3695,236,Herzberg Niedersachsen,Frei,9,DEBKGNU2000000DE,2025/01/04 00:00:00,4,1,DE9,Niedersachsen
296,7367,51.9643,9.8072,144,Alfeld Niedersachsen,Frei,1271,7367,51.9643,9.8072,144,Alfeld Niedersachsen,Frei,9,DEBKGNU2000000DE,2025/01/04 00:00:00,4,1,DE9,Niedersachsen
297,1451,53.8277,9.2493,2,Freiburg/Elbe Niedersachsen,Frei,334,1451,53.8277,9.2493,2,Freiburg/Elbe Niedersachsen,Frei,9,DEBKGNU2000000DE,2025/01/04 00:00:00,4,1,DE9,Niedersachsen
298,891,53.8712,8.7058,5,Cuxhaven Niedersachsen,Frei,202,891,53.8712,8.7058,5,Cuxhaven Niedersachsen,Frei,9,DEBKGNU2000000DE,2025/01/04 00:00:00,4,1,DE9,Niedersachsen
299,3639,53.7647,8.6584,24,Nordholz-Wanhöden Niedersachsen,Frei,761,3639,53.7647,8.6584,24,Nordholz-Wanhöden Niedersachsen,Frei,9,DEBKGNU2000000DE,2025/01/04 00:00:00,4,1,DE9,Niedersachsen
300,656,51.7234,10.6021,607,Braunlage Niedersachsen,Frei,148,656,51.7234,10.6021,607,Braunlage Niedersachsen,Frei,9,DEBKGNU2000000DE,2025/01/04 00:00:00,4,1,DE9,Niedersachsen
301,2014,52.4644,9.6779,55,Hannover Niedersachsen,Frei,427,2014,52.4644,9.6779,55,Hannover Niedersachsen,Frei,9,DEBKGNU2000000DE,2025/01/04 00:00:00,4,1,DE9,Niedersachsen
302,4745,52.9604,9.793,75,Soltau Niedersachsen,Frei,974,4745,52.9604,9.793,75,Soltau Niedersachsen,Frei,9,DEBKGNU2000000DE,2025/01/04 00:00:00,4,1,DE9,Niedersachsen
303,368,52.8152,9.9248,69,Bergen Niedersachsen,Frei,82,368,52.8152,9.9248,69,Bergen Niedersachsen,Frei,9,DEBKGNU2000000DE,2025/01/04 00:00:00,4,1,DE9,Niedersachsen
304,760,53.3629,9.9435,83,Rosengarten-Klecken Niedersachsen,Frei,174,760,53.3629,9.9435,83,Rosengarten-Klecken Niedersachsen,Frei,9,DEBKGNU2000000DE,2025/01/04 00:00:00,4,1,DE9,Niedersachsen
305,850,52.5959,10.0296,39,Celle Niedersachsen,Frei,188,850,52.5959,10.0296,39,Celle Niedersachsen,Frei,9,DEBKGNU2000000DE,2025/01/04 00:00:00,4,1,DE9,Niedersachsen
306,1339,52.9157,10.1885,74,Faßberg Niedersachsen,Frei,303,1339,52.9157,10.1885,74,Faßberg Niedersachsen,Frei,9,DEBKGNU2000000DE,2025/01/04 00:00:00,4,1,DE9,Niedersachsen
307,3103,53.2657,10.424,11,Lüneburg Niedersachsen,Frei,655,3103,53.2657,10.424,11,Lüneburg Niedersachsen,Frei,9,DEBKGNU2000000DE,2025/01/04 00:00:00,4,1,DE9,Niedersachsen
308,662,52.2915,10.4464,81,Braunschweig Niedersachsen,Frei,152,662,52.2915,10.4464,81,Braunschweig Niedersachsen,Frei,9,DEBKGNU2000000DE,2025/01/04 00:00:00,4,1,DE9,Niedersachsen
309,3093,52.9724,11.1374,16,Lüchow Niedersachsen,Frei,651,3093,52.9724,11.1374,16,Lüchow Niedersachsen,Frei,9,DEBKGNU2000000DE,2025/01/04 00:00:00,4,1,DE9,Niedersachsen
310,5146,52.9414,10.5289,50,Uelzen Niedersachsen,Frei,1045,5146,52.9414,10.5289,50,Uelzen Niedersachsen,Frei,9,DEBKGNU2000000DE,2025/01/04 00:00:00,4,1,DE9,Niedersachsen
311,6093,53.2139,10.4704,62,Wendisch Evern Niedersachsen,Frei,1184,6093,53.2139,10.4704,62,Wendisch Evern Niedersachsen,Frei,9,DEBKGNU2000000DE,2025/01/04 00:00:00,4,1,DE9,Niedersachsen
312,7432,52.6423,10.6628,71,Wittingen-Vorhop Niedersachsen,Frei,1294,7432,52.6423,10.6628,71,Wittingen-Vorhop Niedersachsen,Frei,9,DEBKGNU2000000DE,2025/01/04 00:00:00,4,1,DE9,Niedersachsen
313,13776,52.1789,9.9524,85,Hildesheim-Drispenstedt Niedersachsen,Frei,1308,13776,52.1789,9.9524,85,Hildesheim-Drispenstedt Niedersachsen,Frei,9,DEBKGNU2000000DE,2025/01/04 00:00:00,4,1,DE9,Niedersachsen
314,13777,52.2467,10.9592,109,Helmstedt-Emmerstedt Niedersachsen,Frei,1309,13777,52.2467,10.9592,109,Helmstedt-Emmerstedt Niedersachsen,Frei,9,DEBKGNU2000000DE,2025/01/04 00:00:00,4,1,DE9,Niedersachsen
315,2497,50.5014,6.5264,505,Kall-Sistig Nordrhein-Westfalen,Frei,526,2497,50.5014,6.5264,505,Kall-Sistig Nordrhein-Westfalen,Frei,10,DEBKGNU2000000DF,2025/01/04 00:00:00,4,1,DEA,Nordrhein-Westfalen
316,599,50.7055,7.1467,62,Bonn-Friesdorf Nordrhein-Westfalen,Frei,133,599,50.7055,7.1467,62,Bonn-Friesdorf Nordrhein-Westfalen,Frei,10,DEBKGNU2000000DF,2025/01/04 00:00:00,4,1,DEA,Nordrhein-Westfalen
317,603,50.7293,7.204,147,Königswinter-Heiderhof Nordrhein-Westfalen,Frei,134,603,50.7293,7.204,147,Königswinter-Heiderhof Nordrhein-Westfalen,Frei,10,DEBKGNU2000000DF,2025/01/04 00:00:00,4,1,DEA,Nordrhein-Westfalen
318,4174,52.2887,7.3866,40,Rheine-Bentlage Nordrhein-Westfalen,Frei,855,4174,52.2887,7.3866,40,Rheine-Bentlage Nordrhein-Westfalen,Frei,10,DEBKGNU2000000DF,2025/01/04 00:00:00,4,1,DEA,Nordrhein-Westfalen
319,4063,52.4461,8.5906,41,Rahden-Kleinendorf Nordrhein-Westfalen,Frei,837,4063,52.4461,8.5906,41,Rahden-Kleinendorf Nordrhein-Westfalen,Frei,10,DEBKGNU2000000DF,2025/01/04 00:00:00,4,1,DEA,Nordrhein-Westfalen
320,2147,52.1264,8.6865,77,Herford Nordrhein-Westfalen,Frei,449,2147,52.1264,8.6865,77,Herford Nordrhein-Westfalen,Frei,10,DEBKGNU2000000DF,2025/01/04 00:00:00,4,1,DEA,Nordrhein-Westfalen
321,4371,52.1042,8.7521,135,"Salzuflen, Bad Nordrhein-Westfalen",Frei,895,4371,52.1042,8.7521,135,"Salzuflen, Bad Nordrhein-Westfalen",Frei,10,DEBKGNU2000000DF,2025/01/04 00:00:00,4,1,DEA,Nordrhein-Westfalen
322,7106,52.0714,8.4565,105,Bielefeld-Deppendorf Nordrhein-Westfalen,Frei,1254,7106,52.0714,8.4565,105,Bielefeld-Deppendorf Nordrhein-Westfalen,Frei,10,DEBKGNU2000000DF,2025/01/04 00:00:00,4,1,DEA,Nordrhein-Westfalen
323,3031,51.6336,8.3945,92,Lippstadt-Bökenförde Nordrhein-Westfalen,Frei,636,3031,51.6336,8.3945,92,Lippstadt-Bökenförde Nordrhein-Westfalen,Frei,10,DEBKGNU2000000DF,2025/01/04 00:00:00,4,1,DEA,Nordrhein-Westfalen
324,2483,51.1803,8.4891,839,Kahler Asten Nordrhein-Westfalen,Frei,520,2483,51.1803,8.4891,839,Kahler Asten Nordrhein-Westfalen,Frei,10,DEBKGNU2000000DF,2025/01/04 00:00:00,4,1,DEA,Nordrhein-Westfalen
325,3028,51.7854,8.8388,157,"Lippspringe, Bad Nordrhein-Westfalen",Frei,635,3028,51.7854,8.8388,157,"Lippspringe, Bad Nordrhein-Westfalen",Frei,10,DEBKGNU2000000DF,2025/01/04 00:00:00,4,1,DEA,Nordrhein-Westfalen
326,5347,51.5039,9.1118,236,Warburg Nordrhein-Westfalen,Frei,1079,5347,51.5039,9.1118,236,Warburg Nordrhein-Westfalen,Frei,10,DEBKGNU2000000DF,2025/01/04 00:00:00,4,1,DEA,Nordrhein-Westfalen
327,6197,51.8664,9.271,258,Lügde-Paenbruch Nordrhein-Westfalen,Frei,1215,6197,51.8664,9.271,258,Lügde-Paenbruch Nordrhein-Westfalen,Frei,10,DEBKGNU2000000DF,2025/01/04 00:00:00,4,1,DEA,Nordrhein-Westfalen
328,3,50.7827,6.0941,202,Aachen Nordrhein-Westfalen,Frei,2,3,50.7827,6.0941,202,Aachen Nordrhein-Westfalen,Frei,10,DEBKGNU2000000DF,2025/01/04 00:00:00,4,1,DEA,Nordrhein-Westfalen
329,3623,50.8294,6.6601,108,Nörvenich-Niederbolheim Nordrhein-Westfalen,Frei,759,3623,50.8294,6.6601,108,Nörvenich-Niederbolheim Nordrhein-Westfalen,Frei,10,DEBKGNU2000000DF,2025/01/04 00:00:00,4,1,DEA,Nordrhein-Westfalen
330,3540,50.8446,7.372,195,Neunkirchen-Seelscheid-Krawinkel Nordrhein-Westfalen,Frei,741,3540,50.8446,7.372,195,Neunkirchen-Seelscheid-Krawinkel Nordrhein-Westfalen,Frei,10,DEBKGNU2000000DF,2025/01/04 00:00:00,4,1,DEA,Nordrhein-Westfalen
331,2667,50.8645,7.1575,91,Köln/Bonn Nordrhein-Westfalen,Frei,560,2667,50.8645,7.1575,91,Köln/Bonn Nordrhein-Westfalen,Frei,10,DEBKGNU2000000DF,2025/01/04 00:00:00,4,1,DEA,Nordrhein-Westfalen
332,1572,50.9593,6.0392,80,Geilenkirchen-Neutevern Nordrhein-Westfalen,Frei,354,1572,50.9593,6.0392,80,Geilenkirchen-Neutevern Nordrhein-Westfalen,Frei,10,DEBKGNU2000000DF,2025/01/04 00:00:00,4,1,DEA,Nordrhein-Westfalen
333,4127,50.9906,7.6958,347,Reichshof-Eckenhagen Nordrhein-Westfalen,Frei,846,4127,50.9906,7.6958,347,Reichshof-Eckenhagen Nordrhein-Westfalen,Frei,10,DEBKGNU2000000DF,2025/01/04 00:00:00,4,1,DEA,Nordrhein-Westfalen
334,1238,50.9884,7.425,144,Engelskirchen Nordrhein-Westfalen,Frei,279,1238,50.9884,7.425,144,Engelskirchen Nordrhein-Westfalen,Frei,10,DEBKGNU2000000DF,2025/01/04 00:00:00,4,1,DEA,Nordrhein-Westfalen
335,2947,51.1333,8.0348,286,Lennestadt-Theten Nordrhein-Westfalen,Frei,616,2947,51.1333,8.0348,286,Lennestadt-Theten Nordrhein-Westfalen,Frei,10,DEBKGNU2000000DF,2025/01/04 00:00:00,4,1,DEA,Nordrhein-Westfalen
336,3096,51.2131,7.6359,444,Lüdenscheid (Zeppelin-Gymnasium) Nordrhein-Westfalen,Frei,652,3096,51.2131,7.6359,444,Lüdenscheid (Zeppelin-Gymnasium) Nordrhein-Westfalen,Frei,10,DEBKGNU2000000DF,2025/01/04 00:00:00,4,1,DEA,Nordrhein-Westfalen
337,3098,51.2452,7.6425,387,Lüdenscheid Nordrhein-Westfalen,Frei,653,3098,51.2452,7.6425,387,Lüdenscheid Nordrhein-Westfalen,Frei,10,DEBKGNU2000000DF,2025/01/04 00:00:00,4,1,DEA,Nordrhein-Westfalen
338,1078,51.296,6.7686,37,Düsseldorf Nordrhein-Westfalen,Frei,247,1078,51.296,6.7686,37,Düsseldorf Nordrhein-Westfalen,Frei,10,DEBKGNU2000000DF,2025/01/04 00:00:00,4,1,DEA,Nordrhein-Westfalen
339,1303,51.4041,6.9677,150,Essen-Bredeney Nordrhein-Westfalen,Frei,299,1303,51.4041,6.9677,150,Essen-Bredeney Nordrhein-Westfalen,Frei,10,DEBKGNU2000000DF,2025/01/04 00:00:00,4,1,DEA,Nordrhein-Westfalen
340,555,51.5026,7.2289,110,Bochum Nordrhein-Westfalen,Frei,123,555,51.5026,7.2289,110,Bochum Nordrhein-Westfalen,Frei,10,DEBKGNU2000000DF,2025/01/04 00:00:00,4,1,DEA,Nordrhein-Westfalen
341,1590,51.4942,6.2463,37,Geldern-Walbeck Nordrhein-Westfalen,Frei,360,1590,51.4942,6.2463,37,Geldern-Walbeck Nordrhein-Westfalen,Frei,10,DEBKGNU2000000DF,2025/01/04 00:00:00,4,1,DEA,Nordrhein-Westfalen
342,2173,51.589,7.1548,60,Herten Nordrhein-Westfalen,Frei,457,2173,51.589,7.1548,60,Herten Nordrhein-Westfalen,Frei,10,DEBKGNU2000000DF,2025/01/04 00:00:00,4,1,DEA,Nordrhein-Westfalen
343,326,51.7204,8.0577,120,Beckum-Unterberg Nordrhein-Westfalen,Frei,70,326,51.7204,8.0577,120,Beckum-Unterberg Nordrhein-Westfalen,Frei,10,DEBKGNU2000000DF,2025/01/04 00:00:00,4,1,DEA,Nordrhein-Westfalen
344,2494,51.7329,6.2688,31,Kalkar Nordrhein-Westfalen,Frei,525,2494,51.7329,6.2688,31,Kalkar Nordrhein-Westfalen,Frei,10,DEBKGNU2000000DF,2025/01/04 00:00:00,4,1,DEA,Nordrhein-Westfalen
345,1246,51.8418,8.0607,104,Ennigerloh-Ostenfelde Nordrhein-Westfalen,Frei,282,1246,51.8418,8.0607,104,Ennigerloh-Ostenfelde Nordrhein-Westfalen,Frei,10,DEBKGNU2000000DF,2025/01/04 00:00:00,4,1,DEA,Nordrhein-Westfalen
346,554,51.8293,6.5365,23,Bocholt-Liedern (Wasserwerk) Nordrhein-Westfalen,Frei,122,554,51.8293,6.5365,23,Bocholt-Liedern (Wasserwerk) Nordrhein-Westfalen,Frei,10,DEBKGNU2000000DF,2025/01/04 00:00:00,4,1,DEA,Nordrhein-Westfalen
347,617,51.873,6.8863,47,Borken in Westfalen Nordrhein-Westfalen,Frei,137,617,51.873,6.8863,47,Borken in Westfalen Nordrhein-Westfalen,Frei,10,DEBKGNU2000000DF,2025/01/04 00:00:00,4,1,DEA,Nordrhein-Westfalen
348,3404,51.9494,7.5906,62,Münster Nordrhein-Westfalen,Frei,722,3404,51.9494,7.5906,62,Münster Nordrhein-Westfalen,Frei,10,DEBKGNU2000000DF,2025/01/04 00:00:00,4,1,DEA,Nordrhein-Westfalen
349,1766,52.1344,7.6969,48,Münster/Osnabrück Nordrhein-Westfalen,Frei,388,1766,52.1344,7.6969,48,Münster/Osnabrück Nordrhein-Westfalen,Frei,10,DEBKGNU2000000DF,2025/01/04 00:00:00,4,1,DEA,Nordrhein-Westfalen
350,4692,50.8534,7.9966,229,Siegen (Kläranlage) Nordrhein-Westfalen,Frei,963,4692,50.8534,7.9966,229,Siegen (Kläranlage) Nordrhein-Westfalen,Frei,10,DEBKGNU2000000DF,2025/01/04 00:00:00,4,1,DEA,Nordrhein-Westfalen
351,5480,51.5763,7.8879,85,Werl Nordrhein-Westfalen,Frei,1105,5480,51.5763,7.8879,85,Werl Nordrhein-Westfalen,Frei,10,DEBKGNU2000000DF,2025/01/04 00:00:00,4,1,DEA,Nordrhein-Westfalen
352,7330,51.4633,7.978,159,Arnsberg-Neheim Nordrhein-Westfalen,Frei,1264,7330,51.4633,7.978,159,Arnsberg-Neheim Nordrhein-Westfalen,Frei,10,DEBKGNU2000000DF,2025/01/04 00:00:00,4,1,DEA,Nordrhein-Westfalen
353,7374,52.0813,6.9409,46,Ahaus Nordrhein-Westfalen,Frei,1276,7374,52.0813,6.9409,46,Ahaus Nordrhein-Westfalen,Frei,10,DEBKGNU2000000DF,2025/01/04 00:00:00,4,1,DEA,Nordrhein-Westfalen
354,15000,50.7983,6.0244,231,Aachen-Orsbach Nordrhein-Westfalen,Frei,1323,15000,50.7983,6.0244,231,Aachen-Orsbach Nordrhein-Westfalen,Frei,10,DEBKGNU2000000DF,2025/01/04 00:00:00,4,1,DEA,Nordrhein-Westfalen
355,377,49.107,7.9967,210,"Bergzabern, Bad Rheinland-Pfalz",Frei,83,377,49.107,7.9967,210,"Bergzabern, Bad Rheinland-Pfalz",Frei,11,DEBKGNU2000000DG,2025/01/04 00:00:00,4,1,DEB,Rheinland-Pfalz
356,1072,49.4719,8.1929,107,"Dürkheim, Bad Rheinland-Pfalz",Frei,243,1072,49.4719,8.1929,107,"Dürkheim, Bad Rheinland-Pfalz",Frei,11,DEBKGNU2000000DG,2025/01/04 00:00:00,4,1,DEB,Rheinland-Pfalz
357,2385,49.6927,7.3263,376,Idar-Oberstein Rheinland-Pfalz,Frei,498,2385,49.6927,7.3263,376,Idar-Oberstein Rheinland-Pfalz,Frei,11,DEBKGNU2000000DG,2025/01/04 00:00:00,4,1,DEB,Rheinland-Pfalz
358,150,49.7273,8.1164,215,Alzey Rheinland-Pfalz,Frei,26,150,49.7273,8.1164,215,Alzey Rheinland-Pfalz,Frei,11,DEBKGNU2000000DG,2025/01/04 00:00:00,4,1,DEB,Rheinland-Pfalz
359,953,49.7619,7.0542,481,Deuselbach Rheinland-Pfalz,Frei,213,953,49.7619,7.0542,481,Deuselbach Rheinland-Pfalz,Frei,11,DEBKGNU2000000DG,2025/01/04 00:00:00,4,1,DEB,Rheinland-Pfalz
360,2167,49.7672,7.3356,302,Niederwörresbach Rheinland-Pfalz,Frei,455,2167,49.7672,7.3356,302,Niederwörresbach Rheinland-Pfalz,Frei,11,DEBKGNU2000000DG,2025/01/04 00:00:00,4,1,DEB,Rheinland-Pfalz
361,450,49.9186,7.0664,120,Bernkastel-Kues Rheinland-Pfalz,Frei,110,450,49.9186,7.0664,120,Bernkastel-Kues Rheinland-Pfalz,Frei,11,DEBKGNU2000000DG,2025/01/04 00:00:00,4,1,DEB,Rheinland-Pfalz
362,535,50.0372,7.3079,417,Blankenrath Rheinland-Pfalz,Frei,119,535,50.0372,7.3079,417,Blankenrath Rheinland-Pfalz,Frei,11,DEBKGNU2000000DG,2025/01/04 00:00:00,4,1,DEB,Rheinland-Pfalz
363,3155,50.1015,6.8009,415,Manderscheid-Sonnenhof Rheinland-Pfalz,Frei,664,3155,50.1015,6.8009,415,Manderscheid-Sonnenhof Rheinland-Pfalz,Frei,11,DEBKGNU2000000DG,2025/01/04 00:00:00,4,1,DEB,Rheinland-Pfalz
364,766,50.1745,7.0595,477,Büchel-Alflen Rheinland-Pfalz,Frei,175,766,50.1745,7.0595,477,Büchel-Alflen Rheinland-Pfalz,Frei,11,DEBKGNU2000000DG,2025/01/04 00:00:00,4,1,DEB,Rheinland-Pfalz
365,3659,50.3391,6.9501,627,Nürburg Rheinland-Pfalz,Frei,766,3659,50.3391,6.9501,627,Nürburg Rheinland-Pfalz,Frei,11,DEBKGNU2000000DG,2025/01/04 00:00:00,4,1,DEB,Rheinland-Pfalz
366,3660,50.3602,6.8697,485,Nürburg-Barweiler Rheinland-Pfalz,Frei,767,3660,50.3602,6.8697,485,Nürburg-Barweiler Rheinland-Pfalz,Frei,11,DEBKGNU2000000DG,2025/01/04 00:00:00,4,1,DEB,Rheinland-Pfalz
367,3595,50.4107,7.808,250,Niederelbert Rheinland-Pfalz,Frei,754,3595,50.4107,7.808,250,Niederelbert Rheinland-Pfalz,Frei,11,DEBKGNU2000000DG,2025/01/04 00:00:00,4,1,DEB,Rheinland-Pfalz
368,348,50.4135,7.5886,127,Bendorf Rheinland-Pfalz,Frei,76,348,50.4135,7.5886,127,Bendorf Rheinland-Pfalz,Frei,11,DEBKGNU2000000DG,2025/01/04 00:00:00,4,1,DEB,Rheinland-Pfalz
369,161,50.4237,7.4202,75,Andernach Rheinland-Pfalz,Frei,29,161,50.4237,7.4202,75,Andernach Rheinland-Pfalz,Frei,11,DEBKGNU2000000DG,2025/01/04 00:00:00,4,1,DEB,Rheinland-Pfalz
370,3340,50.4383,7.8061,265,Montabaur Rheinland-Pfalz,Frei,707,3340,50.4383,7.8061,265,Montabaur Rheinland-Pfalz,Frei,11,DEBKGNU2000000DG,2025/01/04 00:00:00,4,1,DEB,Rheinland-Pfalz
371,3490,50.5346,7.0853,111,"Neuenahr, Bad-Ahrweiler Rheinland-Pfalz",Frei,731,3490,50.5346,7.0853,111,"Neuenahr, Bad-Ahrweiler Rheinland-Pfalz",Frei,11,DEBKGNU2000000DG,2025/01/04 00:00:00,4,1,DEB,Rheinland-Pfalz
372,3167,50.6621,7.9603,547,"Marienberg, Bad Rheinland-Pfalz",Frei,669,3167,50.6621,7.9603,547,"Marienberg, Bad Rheinland-Pfalz",Frei,11,DEBKGNU2000000DG,2025/01/04 00:00:00,4,1,DEB,Rheinland-Pfalz
373,5099,49.7326,6.6131,132,Trier-Zewen Rheinland-Pfalz,Frei,1033,5099,49.7326,6.6131,132,Trier-Zewen Rheinland-Pfalz,Frei,11,DEBKGNU2000000DG,2025/01/04 00:00:00,4,1,DEB,Rheinland-Pfalz
374,5100,49.7479,6.6583,261,Trier-Petrisberg Rheinland-Pfalz,Frei,1034,5100,49.7479,6.6583,261,Trier-Petrisberg Rheinland-Pfalz,Frei,11,DEBKGNU2000000DG,2025/01/04 00:00:00,4,1,DEB,Rheinland-Pfalz
375,5426,49.3758,8.1212,553,Weinbiet Rheinland-Pfalz,Frei,1093,5426,49.3758,8.1212,553,Weinbiet Rheinland-Pfalz,Frei,11,DEBKGNU2000000DG,2025/01/04 00:00:00,4,1,DEB,Rheinland-Pfalz
376,5871,49.9463,7.2645,497,Hahn Rheinland-Pfalz,Frei,1170,5871,49.9463,7.2645,497,Hahn Rheinland-Pfalz,Frei,11,DEBKGNU2000000DG,2025/01/04 00:00:00,4,1,DEB,Rheinland-Pfalz
377,14311,50.15,6.5527,530,Hersdorf-Weißenseifen Rheinland-Pfalz,Frei,1322,14311,50.15,6.5527,530,Hersdorf-Weißenseifen Rheinland-Pfalz,Frei,11,DEBKGNU2000000DG,2025/01/04 00:00:00,4,1,DEB,Rheinland-Pfalz
378,3576,49.3478,8.1822,125,Neustadt/Weinstraße (Heidehof) Rheinland-Pfalz,Frei,749,3576,49.3478,8.1822,125,Neustadt/Weinstraße (Heidehof) Rheinland-Pfalz,Frei,11,DEBKGNU2000000DG,2025/01/04 00:00:00,4,1,DEB,Rheinland-Pfalz
379,3575,49.357,8.1405,163,Neustadt/Weinstraße Rheinland-Pfalz,Frei,748,3575,49.357,8.1405,163,Neustadt/Weinstraße Rheinland-Pfalz,Frei,11,DEBKGNU2000000DG,2025/01/04 00:00:00,4,1,DEB,Rheinland-Pfalz
380,4301,49.8502,7.871,102,"Kreuznach, Bad Rheinland-Pfalz",Frei,876,4301,49.8502,7.871,102,"Kreuznach, Bad Rheinland-Pfalz",Frei,11,DEBKGNU2000000DG,2025/01/04 00:00:00,4,1,DEB,Rheinland-Pfalz
381,4336,49.2128,7.1077,319,Saarbrücken-Ensheim Saarland,Frei,885,4336,49.2128,7.1077,319,Saarbrücken-Ensheim Saarland,Frei,12,DEBKGNU2000000DH,2023/10/04 00:00:00,4,1,DEC,Saarland
382,460,49.2641,6.6868,362,Berus Saarland,Frei,112,460,49.2641,6.6868,362,Berus Saarland,Frei,12,DEBKGNU2000000DH,2023/10/04 00:00:00,4,1,DEC,Saarland
383,2331,49.3278,7.3533,235,Homburg/Saar Saarland,Frei,488,2331,49.3278,7.3533,235,Homburg/Saar Saarland,Frei,12,DEBKGNU2000000DH,2023/10/04 00:00:00,4,1,DEC,Saarland
384,4397,49.5025,7.202,400,Sankt Wendel-Urweiler Saarland,Frei,903,4397,49.5025,7.202,400,Sankt Wendel-Urweiler Saarland,Frei,12,DEBKGNU2000000DH,2023/10/04 00:00:00,4,1,DEC,Saarland
385,3903,49.5114,6.3857,175,Perl-Besch Saarland,Frei,810,3903,49.5114,6.3857,175,Perl-Besch Saarland,Frei,12,DEBKGNU2000000DH,2023/10/04 00:00:00,4,1,DEC,Saarland
386,3904,49.5354,6.3789,152,Perl-Nennig Saarland,Frei,811,3904,49.5354,6.3789,152,Perl-Nennig Saarland,Frei,12,DEBKGNU2000000DH,2023/10/04 00:00:00,4,1,DEC,Saarland
387,5029,49.4737,7.0385,387,Tholey Saarland,Frei,1015,5029,49.4737,7.0385,387,Tholey Saarland,Frei,12,DEBKGNU2000000DH,2023/10/04 00:00:00,4,1,DEC,Saarland
388,5433,49.5534,6.812,383,Weiskirchen/Saar Saarland,Frei,1096,5433,49.5534,6.812,383,Weiskirchen/Saar Saarland,Frei,12,DEBKGNU2000000DH,2023/10/04 00:00:00,4,1,DEC,Saarland
389,2931,51.392,12.3962,128,Leipzig-Mockau Sachsen,Frei,614,2931,51.392,12.3962,128,Leipzig-Mockau Sachsen,Frei,13,DEBKGNU2000000DI,2025/01/04 00:00:00,4,1,DED,Sachsen
390,2928,51.3151,12.4462,138,Leipzig-Holzhausen Sachsen,Frei,613,2928,51.3151,12.4462,138,Leipzig-Holzhausen Sachsen,Frei,13,DEBKGNU2000000DI,2025/01/04 00:00:00,4,1,DED,Sachsen
391,840,50.4313,12.6114,895,Carlsfeld Sachsen,Frei,185,840,50.4313,12.6114,895,Carlsfeld Sachsen,Frei,13,DEBKGNU2000000DI,2025/01/04 00:00:00,4,1,DED,Sachsen
392,222,50.5908,12.7139,393,Aue Sachsen,Frei,52,222,50.5908,12.7139,393,Aue Sachsen,Frei,13,DEBKGNU2000000DI,2025/01/04 00:00:00,4,1,DED,Sachsen
393,2641,51.5185,12.9065,90,Klitzschen bei Torgau Sachsen,Frei,553,2641,51.5185,12.9065,90,Klitzschen bei Torgau Sachsen,Frei,13,DEBKGNU2000000DI,2025/01/04 00:00:00,4,1,DED,Sachsen
394,853,50.7913,12.872,416,Chemnitz Sachsen,Frei,190,853,50.7913,12.872,416,Chemnitz Sachsen,Frei,13,DEBKGNU2000000DI,2025/01/04 00:00:00,4,1,DED,Sachsen
395,131,51.0881,12.9326,296,Geringswalde-Altgeringswalde Sachsen,Frei,23,131,51.0881,12.9326,296,Geringswalde-Altgeringswalde Sachsen,Frei,13,DEBKGNU2000000DI,2025/01/04 00:00:00,4,1,DED,Sachsen
396,1358,50.4283,12.9536,1213,Fichtelberg Sachsen,Frei,309,1358,50.4283,12.9536,1213,Fichtelberg Sachsen,Frei,13,DEBKGNU2000000DI,2025/01/04 00:00:00,4,1,DED,Sachsen
397,1048,51.1278,13.7543,228,Dresden-Klotzsche Sachsen,Frei,237,1048,51.1278,13.7543,228,Dresden-Klotzsche Sachsen,Frei,13,DEBKGNU2000000DI,2025/01/04 00:00:00,4,1,DED,Sachsen
398,1050,51.0221,13.847,112,Dresden-Hosterwitz Sachsen,Frei,238,1050,51.0221,13.847,112,Dresden-Hosterwitz Sachsen,Frei,13,DEBKGNU2000000DI,2025/01/04 00:00:00,4,1,DED,Sachsen
399,314,51.1604,14.5042,234,"Kubschütz, Kr. Bautzen Sachsen",Frei,67,314,51.1604,14.5042,234,"Kubschütz, Kr. Bautzen Sachsen",Frei,13,DEBKGNU2000000DI,2025/01/04 00:00:00,4,1,DED,Sachsen
400,2166,51.0167,14.75,344,Herrnhut Sachsen,Frei,454,2166,51.0167,14.75,344,Herrnhut Sachsen,Frei,13,DEBKGNU2000000DI,2025/01/04 00:00:00,4,1,DED,Sachsen
401,2252,50.8992,14.7456,271,Bertsdorf-Hörnitz Sachsen,Frei,470,2252,50.8992,14.7456,271,Bertsdorf-Hörnitz Sachsen,Frei,13,DEBKGNU2000000DI,2025/01/04 00:00:00,4,1,DED,Sachsen
402,1684,51.1621,14.9506,239,Görlitz Sachsen,Frei,375,1684,51.1621,14.9506,239,Görlitz Sachsen,Frei,13,DEBKGNU2000000DI,2025/01/04 00:00:00,4,1,DED,Sachsen
403,2985,50.9383,14.2094,321,Lichtenhain-Mittelndorf Sachsen,Frei,625,2985,50.9383,14.2094,321,Lichtenhain-Mittelndorf Sachsen,Frei,13,DEBKGNU2000000DI,2025/01/04 00:00:00,4,1,DED,Sachsen
404,3166,50.6511,13.1469,639,Marienberg Sachsen,Frei,668,3166,50.6511,13.1469,639,Marienberg Sachsen,Frei,13,DEBKGNU2000000DI,2025/01/04 00:00:00,4,1,DED,Sachsen
405,3234,51.1294,13.4328,158,Klipphausen-Garsebach Sachsen,Frei,682,3234,51.1294,13.4328,158,Klipphausen-Garsebach Sachsen,Frei,13,DEBKGNU2000000DI,2025/01/04 00:00:00,4,1,DED,Sachsen
406,3426,51.566,14.7008,127,"Muskau, Bad Sachsen",Frei,725,3426,51.566,14.7008,127,"Muskau, Bad Sachsen",Frei,13,DEBKGNU2000000DI,2025/01/04 00:00:00,4,1,DED,Sachsen
407,3811,51.296,13.0928,151,Oschatz Sachsen,Frei,796,3811,51.296,13.0928,151,Oschatz Sachsen,Frei,13,DEBKGNU2000000DI,2025/01/04 00:00:00,4,1,DED,Sachsen
408,4222,50.5263,12.4091,464,Rodewisch Sachsen,Frei,859,4222,50.5263,12.4091,464,Rodewisch Sachsen,Frei,13,DEBKGNU2000000DI,2025/01/04 00:00:00,4,1,DED,Sachsen
409,4606,51.5167,14.35,116,Schwarze Pumpe Brandenburg,Frei,950,4606,51.5167,14.35,116,Schwarze Pumpe Brandenburg,Frei,13,DEBKGNU2000000DI,2025/01/04 00:00:00,4,1,DED,Sachsen
410,5068,51.5833,13,80,Torgau Sachsen,Frei,1025,5068,51.5833,13,80,Torgau Sachsen,Frei,13,DEBKGNU2000000DI,2025/01/04 00:00:00,4,1,DED,Sachsen
411,5282,51.1188,13.6754,241,Wahnsdorf bei Dresden Sachsen,Frei,1065,5282,51.1188,13.6754,241,Wahnsdorf bei Dresden Sachsen,Frei,13,DEBKGNU2000000DI,2025/01/04 00:00:00,4,1,DED,Sachsen
412,5779,50.7313,13.7516,877,Zinnwald-Georgenfeld Sachsen,Frei,1156,5779,50.7313,13.7516,877,Zinnwald-Georgenfeld Sachsen,Frei,13,DEBKGNU2000000DI,2025/01/04 00:00:00,4,1,DED,Sachsen
413,5797,50.6879,12.4329,349,Lichtentanne Sachsen,Frei,1159,5797,50.6879,12.4329,349,Lichtentanne Sachsen,Frei,13,DEBKGNU2000000DI,2025/01/04 00:00:00,4,1,DED,Sachsen
414,6095,51.0838,13.4486,273,Taubenheim-Seeligstadt Sachsen,Frei,1185,6095,51.0838,13.4486,273,Taubenheim-Seeligstadt Sachsen,Frei,13,DEBKGNU2000000DI,2025/01/04 00:00:00,4,1,DED,Sachsen
415,6314,51.0507,13.3003,306,Nossen Sachsen,Frei,1245,6314,51.0507,13.3003,306,Nossen Sachsen,Frei,13,DEBKGNU2000000DI,2025/01/04 00:00:00,4,1,DED,Sachsen
416,7329,50.5467,12.2863,465,Treuen Sachsen,Frei,1263,7329,50.5467,12.2863,465,Treuen Sachsen,Frei,13,DEBKGNU2000000DI,2025/01/04 00:00:00,4,1,DED,Sachsen
417,7393,51.4492,14.2533,116,Hoyerswerda Sachsen,Frei,1280,7393,51.4492,14.2533,116,Hoyerswerda Sachsen,Frei,13,DEBKGNU2000000DI,2025/01/04 00:00:00,4,1,DED,Sachsen
418,3946,50.4818,12.13,387,Plauen Sachsen,Frei,821,3946,50.4818,12.13,387,Plauen Sachsen,Frei,13,DEBKGNU2000000DI,2025/01/04 00:00:00,4,1,DED,Sachsen
419,2932,51.4347,12.2396,131,Leipzig/Halle Sachsen,Frei,615,2932,51.4347,12.2396,131,Leipzig/Halle Sachsen,Frei,13,DEBKGNU2000000DI,2025/01/04 00:00:00,4,1,DED,Sachsen
420,1052,52.2174,12.1641,80,Möckern-Drewitz Sachsen-Anhalt,Frei,240,1052,52.2174,12.1641,80,Möckern-Drewitz Sachsen-Anhalt,Frei,14,DEBKGNU2000000DJ,2025/01/16 00:00:00,4,1,DEE,Sachsen-Anhalt
421,1605,52.3875,12.1602,35,Genthin Sachsen-Anhalt,Frei,363,1605,52.3875,12.1602,35,Genthin Sachsen-Anhalt,Frei,14,DEBKGNU2000000DJ,2025/01/16 00:00:00,4,1,DEE,Sachsen-Anhalt
422,4977,52.5447,11.9724,45,Tangermünde Sachsen-Anhalt,Frei,1007,4977,52.5447,11.9724,45,Tangermünde Sachsen-Anhalt,Frei,14,DEBKGNU2000000DJ,2025/01/16 00:00:00,4,1,DEE,Sachsen-Anhalt
423,5629,51.8891,12.6446,105,Wittenberg Sachsen-Anhalt,Frei,1128,5629,51.8891,12.6446,105,Wittenberg Sachsen-Anhalt,Frei,14,DEBKGNU2000000DJ,2025/01/16 00:00:00,4,1,DEE,Sachsen-Anhalt
424,6273,52.5075,11.8551,36,Demker Sachsen-Anhalt,Frei,1238,6273,52.5075,11.8551,36,Demker Sachsen-Anhalt,Frei,14,DEBKGNU2000000DJ,2025/01/16 00:00:00,4,1,DEE,Sachsen-Anhalt
425,4445,51.7659,10.6533,614,Wernigerode-Schierke Sachsen-Anhalt,Frei,914,4445,51.7659,10.6533,614,Wernigerode-Schierke Sachsen-Anhalt,Frei,14,DEBKGNU2000000DJ,2025/01/16 00:00:00,4,1,DEE,Sachsen-Anhalt
426,4593,51.9639,11.1208,117,Schwanebeck Sachsen-Anhalt,Frei,947,4593,51.9639,11.1208,117,Schwanebeck Sachsen-Anhalt,Frei,14,DEBKGNU2000000DJ,2025/01/16 00:00:00,4,1,DEE,Sachsen-Anhalt
427,4032,51.7953,11.132,142,Quedlinburg Sachsen-Anhalt,Frei,832,4032,51.7953,11.132,142,Quedlinburg Sachsen-Anhalt,Frei,14,DEBKGNU2000000DJ,2025/01/16 00:00:00,4,1,DEE,Sachsen-Anhalt
428,2044,51.652,11.1366,404,Harzgerode Sachsen-Anhalt,Frei,430,2044,51.652,11.1366,404,Harzgerode Sachsen-Anhalt,Frei,14,DEBKGNU2000000DJ,2025/01/16 00:00:00,4,1,DEE,Sachsen-Anhalt
429,4036,51.3895,11.5412,206,Querfurt-Mühle Lodersleben Sachsen-Anhalt,Frei,833,4036,51.3895,11.5412,206,Querfurt-Mühle Lodersleben Sachsen-Anhalt,Frei,14,DEBKGNU2000000DJ,2025/01/16 00:00:00,4,1,DEE,Sachsen-Anhalt
430,1182,51.5029,11.5705,146,Eisleben-Helfta Sachsen-Anhalt,Frei,266,1182,51.5029,11.5705,146,Eisleben-Helfta Sachsen-Anhalt,Frei,14,DEBKGNU2000000DJ,2025/01/16 00:00:00,4,1,DEE,Sachsen-Anhalt
431,445,51.8218,11.711,85,Bernburg/Saale (Nord) Sachsen-Anhalt,Frei,109,445,51.8218,11.711,85,Bernburg/Saale (Nord) Sachsen-Anhalt,Frei,14,DEBKGNU2000000DJ,2025/01/16 00:00:00,4,1,DEE,Sachsen-Anhalt
432,2701,51.1329,11.7252,136,"Kösen, Bad Sachsen-Anhalt",Frei,567,2701,51.1329,11.7252,136,"Kösen, Bad Sachsen-Anhalt",Frei,14,DEBKGNU2000000DJ,2025/01/16 00:00:00,4,1,DEE,Sachsen-Anhalt
433,2878,51.3909,11.8786,117,"Lauchstädt, Bad Sachsen-Anhalt",Frei,599,2878,51.3909,11.8786,117,"Lauchstädt, Bad Sachsen-Anhalt",Frei,14,DEBKGNU2000000DJ,2025/01/16 00:00:00,4,1,DEE,Sachsen-Anhalt
434,1957,51.5138,11.9499,93,Halle-Kröllwitz Sachsen-Anhalt,Frei,412,1957,51.5138,11.9499,93,Halle-Kröllwitz Sachsen-Anhalt,Frei,14,DEBKGNU2000000DJ,2025/01/16 00:00:00,4,1,DEE,Sachsen-Anhalt
435,3821,51.0872,11.9293,244,Osterfeld Sachsen-Anhalt,Frei,799,3821,51.0872,11.9293,244,Osterfeld Sachsen-Anhalt,Frei,14,DEBKGNU2000000DJ,2025/01/16 00:00:00,4,1,DEE,Sachsen-Anhalt
436,2704,51.7511,12.0094,76,Köthen (Anhalt) Sachsen-Anhalt,Frei,569,2704,51.7511,12.0094,76,Köthen (Anhalt) Sachsen-Anhalt,Frei,14,DEBKGNU2000000DJ,2025/01/16 00:00:00,4,1,DEE,Sachsen-Anhalt
437,5490,51.8454,10.7686,233,Wernigerode Sachsen-Anhalt,Frei,1107,5490,51.8454,10.7686,233,Wernigerode Sachsen-Anhalt,Frei,14,DEBKGNU2000000DJ,2025/01/16 00:00:00,4,1,DEE,Sachsen-Anhalt
438,6266,52.0304,10.9626,112,Huy-Pabstorf Sachsen-Anhalt,Frei,1236,6266,52.0304,10.9626,112,Huy-Pabstorf Sachsen-Anhalt,Frei,14,DEBKGNU2000000DJ,2025/01/16 00:00:00,4,1,DEE,Sachsen-Anhalt
439,7420,51.1045,11.7113,246,Naumburg/Saale-Kreipitzsch Sachsen-Anhalt,Frei,1289,7420,51.1045,11.7113,246,Naumburg/Saale-Kreipitzsch Sachsen-Anhalt,Frei,14,DEBKGNU2000000DJ,2025/01/16 00:00:00,4,1,DEE,Sachsen-Anhalt
440,4373,52.8568,11.1319,29,Salzwedel Sachsen-Anhalt,Frei,896,4373,52.8568,11.1319,29,Salzwedel Sachsen-Anhalt,Frei,14,DEBKGNU2000000DJ,2025/01/16 00:00:00,4,1,DEE,Sachsen-Anhalt
441,1544,52.5129,11.3942,47,Gardelegen Sachsen-Anhalt,Frei,350,1544,52.5129,11.3942,47,Gardelegen Sachsen-Anhalt,Frei,14,DEBKGNU2000000DJ,2025/01/16 00:00:00,4,1,DEE,Sachsen-Anhalt
442,3126,52.1029,11.5827,79,Magdeburg Sachsen-Anhalt,Frei,657,3126,52.1029,11.5827,79,Magdeburg Sachsen-Anhalt,Frei,14,DEBKGNU2000000DJ,2025/01/16 00:00:00,4,1,DEE,Sachsen-Anhalt
443,4642,52.8911,11.7297,22,Seehausen Sachsen-Anhalt,Frei,955,4642,52.8911,11.7297,22,Seehausen Sachsen-Anhalt,Frei,14,DEBKGNU2000000DJ,2025/01/16 00:00:00,4,1,DEE,Sachsen-Anhalt
444,5158,52.1601,11.1759,159,Ummendorf Sachsen-Anhalt,Frei,1049,5158,52.1601,11.1759,159,Ummendorf Sachsen-Anhalt,Frei,14,DEBKGNU2000000DJ,2025/01/16 00:00:00,4,1,DEE,Sachsen-Anhalt
445,1667,53.797,9.4295,1,Glückstadt Schleswig-Holstein,Frei,373,1667,53.797,9.4295,1,Glückstadt Schleswig-Holstein,Frei,15,DEBKGNU2000000DK,2025/01/04 00:00:00,4,1,DEF,Schleswig-Holstein
446,2122,53.9701,9.0095,2,"Helse, Kr. Dithmarschen Schleswig-Holstein",Frei,448,2122,53.9701,9.0095,2,"Helse, Kr. Dithmarschen Schleswig-Holstein",Frei,15,DEBKGNU2000000DK,2025/01/04 00:00:00,4,1,DEF,Schleswig-Holstein
447,2429,53.9897,9.5697,20,Itzehoe Schleswig-Holstein,Frei,507,2429,53.9897,9.5697,20,Itzehoe Schleswig-Holstein,Frei,15,DEBKGNU2000000DK,2025/01/04 00:00:00,4,1,DEF,Schleswig-Holstein
448,1200,54.0691,9.0105,3,Elpersbüttel Schleswig-Holstein,Frei,269,1200,54.0691,9.0105,3,Elpersbüttel Schleswig-Holstein,Frei,15,DEBKGNU2000000DK,2025/01/04 00:00:00,4,1,DEF,Schleswig-Holstein
449,1329,54.134,10.5865,50,Eutin Schleswig-Holstein,Frei,301,1329,54.134,10.5865,50,Eutin Schleswig-Holstein,Frei,15,DEBKGNU2000000DK,2025/01/04 00:00:00,4,1,DEF,Schleswig-Holstein
450,1266,54.2992,9.3162,18,Erfde Schleswig-Holstein,Frei,287,1266,54.2992,9.3162,18,Erfde Schleswig-Holstein,Frei,15,DEBKGNU2000000DK,2025/01/04 00:00:00,4,1,DEF,Schleswig-Holstein
451,2303,54.3162,9.5385,10,Hohn Schleswig-Holstein,Frei,480,2303,54.3162,9.5385,10,Hohn Schleswig-Holstein,Frei,15,DEBKGNU2000000DK,2025/01/04 00:00:00,4,1,DEF,Schleswig-Holstein
452,2306,54.3194,10.6732,8,Hohwacht Schleswig-Holstein,Frei,481,2306,54.3194,10.6732,8,Hohwacht Schleswig-Holstein,Frei,15,DEBKGNU2000000DK,2025/01/04 00:00:00,4,1,DEF,Schleswig-Holstein
453,2565,54.3378,10.0929,17,Kiel-Kronshagen Schleswig-Holstein,Frei,540,2565,54.3378,10.0929,17,Kiel-Kronshagen Schleswig-Holstein,Frei,15,DEBKGNU2000000DK,2025/01/04 00:00:00,4,1,DEF,Schleswig-Holstein
454,2564,54.3776,10.1424,28,Kiel-Holtenau Schleswig-Holstein,Frei,539,2564,54.3776,10.1424,28,Kiel-Holtenau Schleswig-Holstein,Frei,15,DEBKGNU2000000DK,2025/01/04 00:00:00,4,1,DEF,Schleswig-Holstein
455,2437,54.457,9.5203,21,Schleswig-Jagel Schleswig-Holstein,Frei,509,2437,54.457,9.5203,21,Schleswig-Jagel Schleswig-Holstein,Frei,15,DEBKGNU2000000DK,2025/01/04 00:00:00,4,1,DEF,Schleswig-Holstein
456,1130,54.6282,9.3649,18,Eggebek Schleswig-Holstein,Frei,258,1130,54.6282,9.3649,18,Eggebek Schleswig-Holstein,Frei,15,DEBKGNU2000000DK,2025/01/04 00:00:00,4,1,DEF,Schleswig-Holstein
457,1379,54.7737,9.3753,41,Flensburg (Schäferhaus) Schleswig-Holstein,Frei,314,1379,54.7737,9.3753,41,Flensburg (Schäferhaus) Schleswig-Holstein,Frei,15,DEBKGNU2000000DK,2025/01/04 00:00:00,4,1,DEF,Schleswig-Holstein
458,2907,54.7903,8.9514,7,Leck Schleswig-Holstein,Frei,606,2907,54.7903,8.9514,7,Leck Schleswig-Holstein,Frei,15,DEBKGNU2000000DK,2025/01/04 00:00:00,4,1,DEF,Schleswig-Holstein
459,1378,54.8086,9.4182,45,Flensburg Schleswig-Holstein,Frei,313,1378,54.8086,9.4182,45,Flensburg Schleswig-Holstein,Frei,15,DEBKGNU2000000DK,2025/01/04 00:00:00,4,1,DEF,Schleswig-Holstein
460,1666,54.8273,9.5058,12,Glücksburg-Meierwik Schleswig-Holstein,Frei,372,1666,54.8273,9.5058,12,Glücksburg-Meierwik Schleswig-Holstein,Frei,15,DEBKGNU2000000DK,2025/01/04 00:00:00,4,1,DEF,Schleswig-Holstein
461,3032,55.011,8.4125,25,List auf Sylt Schleswig-Holstein,Frei,637,3032,55.011,8.4125,25,List auf Sylt Schleswig-Holstein,Frei,15,DEBKGNU2000000DK,2025/01/04 00:00:00,4,1,DEF,Schleswig-Holstein
462,3086,53.8025,10.6989,15,Lübeck-Blankensee Schleswig-Holstein,Frei,649,3086,53.8025,10.6989,15,Lübeck-Blankensee Schleswig-Holstein,Frei,15,DEBKGNU2000000DK,2025/01/04 00:00:00,4,1,DEF,Schleswig-Holstein
463,3538,54.0833,9.9333,20,Neumünster-Wasbek Schleswig-Holstein,Frei,,,,,,,,15,DEBKGNU2000000DK,2025/01/04 00:00:00,4,1,DEF,Schleswig-Holstein
464,3897,54.0893,10.8773,2,Pelzerhaken Schleswig-Holstein,Frei,809,3897,54.0893,10.8773,2,Pelzerhaken Schleswig-Holstein,Frei,15,DEBKGNU2000000DK,2025/01/04 00:00:00,4,1,DEF,Schleswig-Holstein
465,4026,54.5,11.2167,1,Puttgarden Schleswig-Holstein,Frei,,,,,,,,15,DEBKGNU2000000DK,2025/01/04 00:00:00,4,1,DEF,Schleswig-Holstein
466,4156,54.2878,9.6749,8,Rendsburg Schleswig-Holstein,Frei,850,4156,54.2878,9.6749,8,Rendsburg Schleswig-Holstein,Frei,15,DEBKGNU2000000DK,2025/01/04 00:00:00,4,1,DEF,Schleswig-Holstein
467,4320,54.0934,10.2223,36,Ruhwinkel Schleswig-Holstein,Frei,878,4320,54.0934,10.2223,36,Ruhwinkel Schleswig-Holstein,Frei,15,DEBKGNU2000000DK,2025/01/04 00:00:00,4,1,DEF,Schleswig-Holstein
468,4393,54.3279,8.6031,5,Sankt Peter-Ording Schleswig-Holstein,Frei,901,4393,54.3279,8.6031,5,Sankt Peter-Ording Schleswig-Holstein,Frei,15,DEBKGNU2000000DK,2025/01/04 00:00:00,4,1,DEF,Schleswig-Holstein
469,4466,54.5275,9.5487,43,Schleswig Schleswig-Holstein,Frei,916,4466,54.5275,9.5487,43,Schleswig Schleswig-Holstein,Frei,15,DEBKGNU2000000DK,2025/01/04 00:00:00,4,1,DEF,Schleswig-Holstein
470,4629,54.5166,9.142,37,Schwesing Schleswig-Holstein,Frei,954,4629,54.5166,9.142,37,Schwesing Schleswig-Holstein,Frei,15,DEBKGNU2000000DK,2025/01/04 00:00:00,4,1,DEF,Schleswig-Holstein
471,4896,54.6654,9.805,40,Wagersrott Schleswig-Holstein,Frei,993,4896,54.6654,9.805,40,Wagersrott Schleswig-Holstein,Frei,15,DEBKGNU2000000DK,2025/01/04 00:00:00,4,1,DEF,Schleswig-Holstein
472,5280,53.9224,10.2267,33,Wittenborn Schleswig-Holstein,Frei,1064,5280,53.9224,10.2267,33,Wittenborn Schleswig-Holstein,Frei,15,DEBKGNU2000000DK,2025/01/04 00:00:00,4,1,DEF,Schleswig-Holstein
473,5516,54.5283,11.0606,3,Fehmarn Schleswig-Holstein,Frei,1111,5516,54.5283,11.0606,3,Fehmarn Schleswig-Holstein,Frei,15,DEBKGNU2000000DK,2025/01/04 00:00:00,4,1,DEF,Schleswig-Holstein
474,5930,54.641,10.0238,1,Schönhagen (Ostseebad) Schleswig-Holstein,Frei,1179,5930,54.641,10.0238,1,Schönhagen (Ostseebad) Schleswig-Holstein,Frei,15,DEBKGNU2000000DK,2025/01/04 00:00:00,4,1,DEF,Schleswig-Holstein
475,6105,54.3194,9.8051,15,Ostenfeld (Rendsburg) Schleswig-Holstein,Frei,1193,6105,54.3194,9.8051,15,Ostenfeld (Rendsburg) Schleswig-Holstein,Frei,15,DEBKGNU2000000DK,2025/01/04 00:00:00,4,1,DEF,Schleswig-Holstein
476,6163,54.1654,10.3519,27,Dörnick Schleswig-Holstein,Frei,1205,6163,54.1654,10.3519,27,Dörnick Schleswig-Holstein,Frei,15,DEBKGNU2000000DK,2025/01/04 00:00:00,4,1,DEF,Schleswig-Holstein
477,4039,53.7331,9.8776,11,Quickborn Schleswig-Holstein,Frei,835,4039,53.7331,9.8776,11,Quickborn Schleswig-Holstein,Frei,15,DEBKGNU2000000DK,2025/01/04 00:00:00,4,1,DEF,Schleswig-Holstein
478,52,53.6623,10.199,46,Ahrensburg-Wulfsdorf Schleswig-Holstein,Frei,5,52,53.6623,10.199,46,Ahrensburg-Wulfsdorf Schleswig-Holstein,Frei,15,DEBKGNU2000000DK,2025/01/04 00:00:00,4,1,DEF,Schleswig-Holstein
479,1736,53.5731,10.6797,26,Grambek Schleswig-Holstein,Frei,382,1736,53.5731,10.6797,26,Grambek Schleswig-Holstein,Frei,15,DEBKGNU2000000DK,2025/01/04 00:00:00,4,1,DEF,Schleswig-Holstein
480,2503,50.6266,10.1455,487,Kaltennordheim Thüringen,Frei,528,2503,50.6266,10.1455,487,Kaltennordheim Thüringen,Frei,16,DEBKGNU2000000DL,2025/01/04 00:00:00,4,1,DEG,Thüringen
481,2925,51.3932,10.3123,356,Leinefelde Thüringen,Frei,611,2925,51.3932,10.3123,356,Leinefelde Thüringen,Frei,16,DEBKGNU2000000DL,2025/01/04 00:00:00,4,1,DEG,Thüringen
482,3231,50.5611,10.3771,450,Meiningen Thüringen,Frei,681,3231,50.5611,10.3771,450,Meiningen Thüringen,Frei,16,DEBKGNU2000000DL,2025/01/04 00:00:00,4,1,DEG,Thüringen
483,7368,51.0007,10.3621,312,Eisenach Thüringen,Frei,1272,7368,51.0007,10.3621,312,Eisenach Thüringen,Frei,16,DEBKGNU2000000DL,2025/01/04 00:00:00,4,1,DEG,Thüringen
484,4501,50.6545,10.7696,938,Schmücke Thüringen,Frei,929,4501,50.6545,10.7696,938,Schmücke Thüringen,Frei,16,DEBKGNU2000000DL,2025/01/04 00:00:00,4,1,DEG,Thüringen
485,3204,50.7335,10.8815,429,Martinroda Thüringen,Frei,673,3204,50.7335,10.8815,429,Martinroda Thüringen,Frei,16,DEBKGNU2000000DL,2025/01/04 00:00:00,4,1,DEG,Thüringen
486,1270,50.9827,10.9613,317,Erfurt-Weimar Thüringen,Frei,288,1270,50.9827,10.9613,317,Erfurt-Weimar Thüringen,Frei,16,DEBKGNU2000000DL,2025/01/04 00:00:00,4,1,DEG,Thüringen
487,1493,50.4788,11.0159,793,Friedrichshöhe,Thüringen,342,1493,50.4788,11.0159,793,Friedrichshöhe,Thüringen,16,DEBKGNU2000000DL,2025/01/04 00:00:00,4,1,DEG,Thüringen
488,3513,50.5003,11.1345,845,Neuhaus am Rennweg Thüringen,Frei,734,3513,50.5003,11.1345,845,Neuhaus am Rennweg Thüringen,Frei,16,DEBKGNU2000000DL,2025/01/04 00:00:00,4,1,DEG,Thüringen
489,198,51.3744,11.292,164,Artern Thüringen,Frei,46,198,51.3744,11.292,164,Artern Thüringen,Frei,16,DEBKGNU2000000DL,2025/01/04 00:00:00,4,1,DEG,Thüringen
490,2302,50.9632,11.4847,317,Hohlstedt-Kötschau Thüringen,Frei,479,2302,50.9632,11.4847,317,Hohlstedt-Kötschau Thüringen,Frei,16,DEBKGNU2000000DL,2025/01/04 00:00:00,4,1,DEG,Thüringen
491,2444,50.9251,11.583,155,Jena (Sternwarte) Thüringen,Frei,510,2444,50.9251,11.583,155,Jena (Sternwarte) Thüringen,Frei,16,DEBKGNU2000000DL,2025/01/04 00:00:00,4,1,DEG,Thüringen
492,4464,50.5679,11.8041,501,Schleiz Thüringen,Frei,915,4464,50.5679,11.8041,501,Schleiz Thüringen,Frei,16,DEBKGNU2000000DL,2025/01/04 00:00:00,4,1,DEG,Thüringen
493,1612,50.8812,12.1289,311,Gera-Leumnitz Thüringen,Frei,364,1612,50.8812,12.1289,311,Gera-Leumnitz Thüringen,Frei,16,DEBKGNU2000000DL,2025/01/04 00:00:00,4,1,DEG,Thüringen
494,4752,50.3746,11.1828,626,Sonneberg-Neufang Thüringen,Frei,976,4752,50.3746,11.1828,626,Sonneberg-Neufang Thüringen,Frei,16,DEBKGNU2000000DL,2025/01/04 00:00:00,4,1,DEG,Thüringen
495,5419,50.9751,11.3076,264,Weimar Thüringen,Frei,1091,5419,50.9751,11.3076,264,Weimar Thüringen,Frei,16,DEBKGNU2000000DL,2025/01/04 00:00:00,4,1,DEG,Thüringen
496,1490,47.6454,9.4795,394,Friedrichshafen Baden-Württemberg,Frei,340,1490,47.6454,9.4795,394,Friedrichshafen Baden-Württemberg,Frei,,,,,,,
